faces_base,faces_shift_4s,body_parts_base,body_parts_shift_4s,round_objects_base,round_objects_shift_4s,animate_objects_base,animate_objects_shift_4s,bgm_base,bgm_shift_4s,valence_base,valence_shift_4s,arousal_base,arousal_shift_4s,num_chars_base,num_chars_shift_4s,new_char_base,new_char_shift_4s,hierarchy_base,hierarchy_shift_4s,social_action_base,social_action_shift_4s,speaking_base,speaking_shift_4s,speaking_self_base,speaking_self_shift_4s,speaking_others_base,speaking_others_shift_4s,speaking_things_base,speaking_things_shift_4s
0.0,0.0,0.0,0.0,0.0,0.0,0.0,0.0,0.0,0.0,0.0,0.0,0.0,0.0,0.0,0.0,0.0,0.0,0.0,0.0,0.0,0.0,0.0,0.0,0.0,0.0,0.0,0.0,0.0,0.0
0.019130351982152304,0.0,0.019130351982152304,0.0,0.0,0.0,0.019130351982152304,0.0,0.019130351982152304,0.0,0.028695527973228455,0.0,0.14347763986614226,0.0,0.03826070396430461,0.0,0.019130351982152304,0.0,0.0,0.0,0.0,0.0,0.0,0.0,0.0,0.0,0.0,0.0,0.0,0.0
0.25510521548559695,0.0,0.25510521548559695,0.0,0.0,0.0,0.25510521548559695,0.0,0.25510521548559695,0.0,0.38265782322839526,0.0,1.9132891161419767,0.0,0.5102104309711939,0.0,0.25510521548559695,0.0,0.0,0.0,0.0,0.0,0.0,0.0,0.0,0.0,0.0,0.0,0.0,0.0
0.6628580671786298,0.019130351982152304,0.6628580671786298,0.019130351982152304,0.0,0.0,0.6628580671786298,0.019130351982152304,0.6628580671786298,0.019130351982152304,0.994287100767945,0.028695527973228455,4.990565855821878,0.1434776398661423,1.3257161343572597,0.03826070396430461,0.6437277151964778,0.019130351982152304,0.0,0.0,0.0,0.0,0.019130351982152304,0.0,0.009565175991076152,0.0,0.0,0.0,0.0,0.0
0.9680486516695594,0.25510521548559684,0.9680486516695594,0.25510521548559684,0.0,0.0,0.9680486516695594,0.25510521548559684,0.9680486516695594,0.25510521548559684,1.452072977504339,0.3826578232283953,7.515470103007292,1.9132891161419767,1.936097303339119,0.5102104309711937,0.7129434361839625,0.25510521548559684,0.0,0.0,0.0,0.0,0.25510521548559684,0.0,0.12755260774279842,0.0,0.0,0.0,0.0,0.0
1.10973904591933,0.6628580671786299,1.10973904591933,0.6628580671786299,0.0,0.0,1.10973904591933,0.6628580671786299,1.10973904591933,0.6628580671786299,1.6646085688789944,0.9942871007679451,8.99546608756468,4.9905658558218775,2.209912915847583,1.3257161343572599,0.4468809787406998,0.6437277151964778,0.0,0.0,0.0,0.0,0.6437277151964778,0.019130351982152304,0.3218638575982389,0.009565175991076152,0.0,0.0,0.0,0.0
1.1447132947352494,0.9680486516695594,1.1447132947352494,0.9680486516695594,0.0,0.0,1.1447132947352494,0.9680486516695594,1.1447132947352494,0.9680486516695594,1.717069942102874,1.452072977504339,9.680950969926727,7.515470103007292,2.1618739817277,1.936097303339119,0.17666464306568982,0.7129434361839625,0.0,0.0,0.0,0.0,0.7129434361839625,0.25510521548559684,0.35647171809198125,0.12755260774279842,0.0,0.0,0.0,0.0
1.1274394230021638,1.10973904591933,1.1274394230021638,1.10973904591933,0.0,0.0,1.1274394230021638,1.10973904591933,1.1274394230021638,1.10973904591933,1.68159395851217,1.6646085688789944,9.896963752024874,8.99546608756468,1.9234498124150128,2.209912915847583,0.01770037708283416,0.4468809787406998,0.0,0.0,0.0,0.0,0.4660113307228521,0.6437277151964778,0.23300566536142606,0.3218638575982389,0.0,0.0,0.0,0.0
1.091764890597217,1.1447132947352494,1.091764890597217,1.1447132947352494,0.0,0.0,1.091764890597217,1.1447132947352494,1.091764890597217,1.1447132947352494,1.5100947281530273,1.717069942102874,9.816974300049159,9.680950969926727,1.6995054553596545,2.1618739817277,-0.052948404138032125,0.17666464306568982,0.0,0.0,0.0,0.0,0.4317698585512867,0.7129434361839625,0.21588492927564334,0.35647171809198125,0.0,0.0,0.0,0.0
1.0568982607180872,1.1274394230021638,1.0568982607180872,1.1274394230021638,0.0,0.0,1.0568982607180872,1.1274394230021638,1.037767908735935,1.1274394230021638,1.2730487094699683,1.68159395851217,9.609045901347486,9.896963752024874,1.5589269984765097,1.9234498124150128,-0.07054116228407663,0.01770037708283416,0.0,0.0,0.0,0.0,0.670993268270388,0.4660113307228521,0.33071404613965594,0.23300566536142606,0.0,0.0,0.0,0.0
1.0311013705886638,1.091764890597217,1.0311013705886638,1.091764890597217,0.0,0.0,1.0311013705886638,1.091764890597217,0.7759961551030667,1.091764890597217,1.317732945533813,1.5100947281530273,9.39738181737982,9.816974300049159,1.4898460938097027,1.6995054553596545,-0.06066352000855345,-0.052948404138032125,0.0,0.0,0.0,0.0,0.7875476397887289,0.4317698585512867,0.32999751602296523,0.21588492927564334,0.0,0.0,0.0,0.0
1.015216893357412,1.0568982607180872,1.015216893357412,1.0568982607180872,0.0,0.0,1.015216893357412,1.0568982607180872,0.3523588261787819,1.037767908735935,1.6212487082640068,1.2730487094699683,9.23474467239976,9.609045901347486,1.466714075213742,1.5589269984765097,-0.04168136736067542,-0.07054116228407663,0.0,0.0,0.0,0.0,0.6982036740548621,0.670993268270388,0.1881699082283116,0.33071404613965594,0.0,0.0,0.0,0.0
1.00672872778797,1.0311013705886638,1.00672872778797,1.0311013705886638,0.0,0.0,1.00672872778797,1.0311013705886638,0.0386800761184105,0.7759961551030667,1.7782324882410911,1.317732945533813,9.127449274297046,9.39738181737982,1.4675750102773313,1.4898460938097027,-0.024372642800693768,-0.06066352000855345,0.0,0.0,0.0,0.0,0.4724728411491177,0.7875476397887289,0.058000561528568195,0.32999751602296523,0.0,0.0,0.0,0.0
1.0026893650928301,1.015216893357412,1.0026893650928301,1.015216893357412,0.0,0.0,1.0026893650928301,1.015216893357412,-0.0974845048354235,0.3523588261787819,1.718624348468178,1.6212487082640068,9.044705909930528,9.23474467239976,1.496059951808769,1.466714075213742,-0.002962352273505599,-0.04168136736067542,0.0,0.0,0.019130351982152304,0.0,0.21858985107466095,0.6982036740548621,-0.011990495138920629,0.1881699082283116,0.0,0.0,0.0,0.0
1.0009455873536572,1.00672872778797,1.0009455873536572,1.00672872778797,0.0,0.0,1.0009455873536572,1.00672872778797,-0.016215099638793553,0.0386800761184105,1.616224904632347,1.7782324882410911,8.774266102749134,9.127449274297046,1.7414457048985796,1.4675750102773313,0.12176946730848578,-0.024372642800693768,0.0,0.0,0.25510521548559684,0.0,0.26611649007971594,0.4724728411491177,-0.03866052346936294,0.058000561528568195,0.0,0.0,0.0,0.0
1.000252994730261,1.0026893650928301,1.000252994730261,1.0026893650928301,0.009565175991076152,0.0,1.000252994730261,1.0026893650928301,0.21380778130848827,-0.0974845048354235,1.544500261778847,1.718624348468178,8.35890238106094,9.044705909930528,2.1557556099604462,1.496059951808769,0.3194274872356697,-0.002962352273505599,0.0,0.0,0.6628580671786299,0.019130351982152304,0.5886395651713887,0.21858985107466095,-0.041534345274329185,-0.011990495138920629,0.009565175991076152,0.0,0.0,0.0
1.0,1.0009455873536572,1.0,1.0009455873536572,0.12755260774279842,0.0,1.0,1.0009455873536572,0.5198120429803611,-0.016215099638793553,1.5038575579352609,1.616224904632347,8.163813907320883,8.774266102749134,2.464684287775574,1.7414457048985796,0.35552613073832406,0.12176946730848578,0.0,0.0,0.9680486516695594,0.25510521548559684,0.8751277891576772,0.26611649007971594,-0.03322333022143305,-0.03866052346936294,0.12755260774279842,0.0,0.0,0.0
1.0,1.000252994730261,1.0,1.000252994730261,0.3218638575982389,0.009565175991076152,1.0,1.000252994730261,0.8294002958308926,0.21380778130848827,1.4760049265472235,1.544500261778847,8.232852840937738,8.35890238106094,2.6083943633729145,2.1557556099604462,0.22318749464008886,0.3194274872356697,0.0,0.0,1.1001738699282537,0.6628580671786299,1.030350727054047,0.5886395651713887,-0.02205886886162225,-0.041534345274329185,0.3218638575982389,0.009565175991076152,0.0,0.0
1.0,1.0,1.0,1.0,0.35647171809198125,0.12755260774279842,1.0,1.0,1.0252796026137405,0.5198120429803611,1.3543019536532719,1.5038575579352609,8.467336432519158,8.163813907320883,2.6442405010584205,2.464684287775574,0.08833232153284491,0.35552613073832406,0.0,0.0,1.0171606869924508,0.9680486516695594,1.0890633045766216,0.8751277891576772,-0.012659115077175495,-0.03322333022143305,0.35647171809198125,0.12755260774279842,0.0,0.0
1.0,1.0,1.0,1.0,0.2234404893703499,0.3218638575982389,1.0,1.0,1.0842419891211827,0.8294002958308926,1.2209502788001712,1.4760049265472235,8.739855278929795,8.232852840937738,2.6273129256370336,2.6083943633729145,0.00885018854141708,0.22318749464008886,0.0,0.0,0.796010389412849,1.1001738699282537,1.0746878643448312,1.030350727054047,-0.006390261497421398,-0.02205886886162225,0.2234404893703499,0.3218638575982389,0.0,0.0
1.0,1.0,1.0,1.0,0.08833232153284491,0.35647171809198125,1.0,1.0,0.8564051493926664,1.0252796026137405,1.899549177181619,1.3543019536532719,8.70951086711959,8.467336432519158,2.5917648905972173,2.6442405010584205,-0.026474202069016062,0.08833232153284491,0.0,0.0,0.6077405647624374,1.0171606869924508,0.8186902132769607,1.0890633045766216,-0.00289157021715633,-0.012659115077175495,0.08833232153284491,0.35647171809198125,0.0,0.0
1.0,1.0,1.0,1.0,0.00885018854141708,0.2234404893703499,1.0,1.0,0.4266214095886655,1.0842419891211827,3.2600881332145337,1.2209502788001712,8.351007026608649,8.739855278929795,2.5473330847270113,2.6273129256370336,-0.035270581142038314,0.00885018854141708,0.0,0.0,0.5020287377584225,0.796010389412849,0.38534005904459734,1.0746878643448312,-0.0012181851812845448,-0.006390261497421398,0.00885018854141708,0.2234404893703499,0.0,0.0
1.0,1.0,1.0,1.0,-0.026474202069016062,0.08833232153284491,1.0,1.0,0.09243889156972376,0.8564051493926664,4.313394856935505,1.899549177181619,7.481326031694017,8.70951086711959,2.4035487628458654,2.5917648905972173,-0.030331760004276724,-0.026474202069016062,0.0,0.0,0.45874472322103904,0.6077405647624374,0.059215561348290716,0.8186902132769607,-0.0004727936768286113,-0.00289157021715633,-0.026474202069016062,0.08833232153284491,0.0,0.0
0.9904348240089238,1.0,1.0,1.0,-0.035270581142038314,0.00885018854141708,1.0,1.0,-0.07393446361184122,0.4266214095886655,4.838405613382571,3.2600881332145337,6.310067734636809,8.351007026608649,2.183787859768097,2.5473330847270113,-0.02084068368033771,-0.035270581142038314,0.0,0.0,0.4419320058652538,0.5020287377584225,-0.09599333247346348,0.38534005904459734,-0.00012649736513052262,-0.0012181851812845448,-0.035270581142038314,0.00885018854141708,0.0,0.0
0.8724473922572016,1.0,1.0,1.0,-0.030331760004276724,-0.026474202069016062,1.0,1.0,-0.12579824554693247,0.09243889156972376,5.215246508083532,4.313394856935505,5.489869478895823,7.481326031694017,2.0227044019531903,2.4035487628458654,-0.012186321400346884,-0.030331760004276724,0.0,0.0,0.3332936747465629,0.45874472322103904,-0.13845736062410796,0.059215561348290716,0.0,-0.0004727936768286113,-0.030331760004276724,-0.026474202069016062,0.0,0.0
0.6590057904196088,0.9904348240089238,1.0,1.0,-0.011275507689261556,-0.035270581142038314,0.9904348240089238,1.0,-0.10892111778596678,-0.07393446361184122,5.609015947935259,4.838405613382571,5.08375529418905,6.310067734636809,1.9478198421331654,2.183787859768097,-0.006263764132290876,-0.02084068368033771,0.0,0.0,0.1428112011444715,0.4419320058652538,-0.12487655527446433,-0.09599333247346348,0.0,-0.00012649736513052262,-0.02084068368033771,-0.035270581142038314,0.0,0.0
0.38842306642242186,0.8724473922572016,1.0,1.0,0.11536628634245157,-0.030331760004276724,0.8724473922572016,1.0,0.039624874716394906,-0.12579824554693247,6.1563329066938834,5.215246508083532,4.4266582956853275,5.489869478895823,1.9285889399860328,2.0227044019531903,-0.00289157021715633,-0.012186321400346884,0.0,0.0,0.0013705762245457033,0.3332936747465629,-0.09081930324355987,-0.13845736062410796,0.0,0.0,-0.012186321400346884,-0.030331760004276724,0.0,0.0
0.13283179543317242,0.6590057904196088,1.0,1.0,0.315600093465948,-0.011275507689261556,0.6590057904196088,0.9904348240089238,0.2760019527827733,-0.10892111778596678,6.776431260539722,5.609015947935259,3.4951885003069405,5.08375529418905,1.936533283229179,1.9478198421331654,0.017912166800867758,-0.006263764132290876,0.0,0.0,-0.043094622925957476,0.1428112011444715,-0.05664526598782625,-0.12487655527446433,0.0,0.0,-0.006263764132290876,-0.02084068368033771,0.0,0.0
0.19872424228319258,0.38842306642242186,1.0,1.0,0.35358014787482495,0.11536628634245157,0.38842306642242186,0.8724473922572016,0.45339574892294465,0.039624874716394906,6.947171489920329,6.1563329066938834,3.078307146800806,4.4266582956853275,1.9541175547013916,1.9285889399860328,0.2546324218087683,-0.00289157021715633,0.0,0.0,0.17938420422398735,0.0013705762245457033,-0.03110137058866365,-0.09081930324355987,0.0,0.0,-0.00289157021715633,-0.012186321400346884,0.0,0.0
0.5442688327178832,0.13283179543317242,1.0,1.0,0.22222230418906536,0.315600093465948,0.11370144345102012,0.6590057904196088,0.5493443029584597,0.2760019527827733,6.671539192915979,6.776431260539722,3.213388735157069,3.4951885003069405,1.9906812216231087,1.936533283229179,0.6627315698134995,0.017912166800867758,0.0,0.0,0.5977936731311331,-0.043094622925957476,-0.015216893357411885,-0.05664526598782625,0.0,0.0,-0.0012181851812845448,-0.006263764132290876,0.0,0.0
0.8498095590033262,0.19872424228319258,1.0,1.0,0.0878595278560163,0.35358014787482495,-0.056380973202404296,0.38842306642242186,0.6931805273224532,0.45339574892294465,6.236311326868799,6.947171489920329,3.267150838763039,3.078307146800806,2.239554530191265,1.9541175547013916,0.9680486516695594,0.2546324218087683,0.0,0.0,0.9216934126941223,0.17938420422398735,-0.0067287277879698815,-0.03110137058866365,0.0,0.0,-0.0004727936768286113,-0.00289157021715633,0.0,0.0
1.0175702040592043,0.5442688327178832,1.0,1.0,0.008723691176286557,0.22222230418906536,-0.11858923446074685,0.11370144345102012,0.8924593799975669,0.5493443029584597,5.797045244190311,6.671539192915979,3.087677320114061,3.213388735157069,2.6743799724820763,1.9906812216231087,1.10973904591933,0.6627315698134995,0.0,0.0,1.0811634181951555,0.5977936731311331,-0.0026893650928301346,-0.015216893357411885,0.0,0.0,-0.00012649736513052262,-0.0012181851812845448,0.0,0.0
1.0832801641423089,0.8498095590033262,1.0,1.0,-0.026474202069016062,0.0878595278560163,-0.11823909266623316,-0.056380973202404296,1.028961183779731,0.6931805273224532,5.288215426166664,6.236311326868799,2.9294850097490652,3.267150838763039,3.2197895032611714,2.239554530191265,1.1447132947352494,0.9680486516695594,0.0,0.0,1.1291626094409173,0.9216934126941223,-0.0009455873536572226,-0.0067287277879698815,0.0,0.0,0.0,-0.0004727936768286113,0.0,0.0
1.0913818459644145,1.0175702040592043,1.0,1.0,-0.016140229159886006,0.008723691176286557,-0.09216884186012561,-0.11858923446074685,1.0830656585884475,0.8924593799975669,4.77541310483215,5.797045244190311,2.9067390217895843,3.087677320114061,3.771252430551545,2.6743799724820763,1.1083090710200116,1.10973904591933,0.0,0.0,1.119830976323458,1.0811634181951555,-0.00025299473026104525,-0.0026893650928301346,0.0,0.0,0.0,-0.00012649736513052262,0.0,0.0
1.0728498414089003,1.0832801641423089,1.0,1.0,0.22477345548132016,-0.026474202069016062,-0.061433130592940366,-0.11823909266623316,1.0879073326619566,1.028961183779731,4.676315809522161,5.288215426166664,3.3771446319773597,2.9294850097490652,4.11228915272798,3.2197895032611714,0.8366596751116202,1.1447132947352494,0.0,0.0,1.0884005267032322,1.1291626094409173,0.0,-0.0009455873536572226,0.0,0.0,0.0,0.0,0.0,0.0
1.0479451314929662,1.0913818459644145,1.0,1.0,0.6420173834982923,-0.016140229159886006,-0.03605757703774959,-0.09216884186012561,1.0521978061976358,1.0830656585884475,4.92932022619585,4.77541310483215,4.235630603836153,2.9067390217895843,4.198791267592059,3.771252430551545,0.39404019353945735,1.1083090710200116,0.0,0.0,1.045988402180596,1.119830976323458,0.0,-0.00025299473026104525,0.0,0.0,0.0,0.0,0.0,0.0
1.02726421301785,1.0728498414089003,1.0,1.0,0.9558623302692125,0.22477345548132016,-0.018915049188316765,-0.061433130592940366,0.7941415937069967,1.0879073326619566,4.874732396854255,4.676315809522161,5.113717179346238,3.3771446319773597,3.726267754361272,4.11228915272798,0.06305271891910427,0.8366596751116202,0.0,0.0,0.9030759691690367,1.0884005267032322,0.0,0.0,0.0,0.0,0.0,0.0,0.0,0.0
1.0137457134458665,1.0479451314929662,1.0,1.0,1.103475281787039,0.6420173834982923,-0.00895312922512101,-0.03605757703774959,0.36693574572682874,1.0521978061976358,4.4486335408022715,4.92932022619585,5.8339313789245395,4.235630603836153,2.8586215493629914,4.198791267592059,-0.0945221525619179,0.39404019353945735,0.0,0.0,0.6836613624029664,1.045988402180596,0.0,0.0,0.0,0.0,0.0,0.0,0.0,0.0
1.0062559341111412,1.02726421301785,1.0,1.0,1.1418217245180928,0.9558623302692125,-0.003837157570813552,-0.018915049188316765,0.04797482730160105,0.7941415937069967,4.080014394581878,4.874732396854255,6.230738629955222,5.113717179346238,2.1867689578467617,3.726267754361272,-0.13798456694727934,0.06305271891910427,0.0,0.0,0.5227044019531902,0.9030759691690367,0.0,0.0,0.0,0.0,0.0,0.0,0.0,0.0
1.0025628677276996,1.0137457134458665,1.0,1.0,1.1262212378208796,1.103475281787039,-0.0014711799115455899,-0.00895312922512101,-0.08287374989334101,0.36693574572682874,3.896014273728938,4.4486335408022715,6.341892700842347,5.8339313789245395,1.8526370622368395,2.8586215493629914,-0.12475005790933379,-0.0945221525619179,0.0,0.0,0.4478198421331653,0.6836613624029664,0.0,0.0,0.0,0.0,0.0,0.0,0.0,0.0
1.0009455873536572,1.0062559341111412,1.0,1.0,1.0912920969203885,1.1418217245180928,-0.0004727936768286113,-0.003837157570813552,0.1137562846443326,0.04797482730160105,3.8392836266580375,4.080014394581878,6.194907327752573,6.230738629955222,1.7484035089061352,2.1867689578467617,-0.09081930324355987,-0.13798456694727934,0.0,0.0,0.42858893998603265,0.5227044019531902,0.0,0.0,0.0,0.0,0.0,0.0,0.0,0.0
1.000252994730261,1.0025628677276996,0.9904348240089238,1.0,1.0376414113708046,1.1262212378208796,-0.00012649736513052262,-0.0014711799115455899,0.5367633267228811,-0.08287374989334101,3.8393593795896774,3.896014273728938,5.897805364495379,6.341892700842347,1.743897060463762,1.8526370622368395,-0.05664526598782625,-0.12475005790933379,0.0,0.0,0.42696810723810297,0.4478198421331653,0.0,0.0,0.0,0.0,0.0,0.0,0.0,0.0
1.0,1.0009455873536572,0.8724473922572016,1.0,0.7759961551030667,1.0912920969203885,0.0,-0.0004727936768286113,0.8767565547491709,0.1137562846443326,3.7586999054852415,3.8392836266580375,5.541445110843309,6.194907327752573,1.569039318461596,1.7484035089061352,-0.03110137058866365,-0.09081930324355987,0.0,0.0,0.32656494695859306,0.42858893998603265,0.0,0.0,0.0,0.0,0.0,0.0,0.0,0.0
1.0,1.000252994730261,0.6781361424017611,0.9904348240089238,0.3714891781609342,1.0376414113708046,0.0,-0.00012649736513052262,1.0529672825663727,0.5367633267228811,3.6051897822240813,3.8393593795896774,5.20078049615367,5.897805364495379,1.2932440031458197,1.743897060463762,0.003913458624740419,-0.05664526598782625,0.009565175991076152,0.0,0.15925218803379365,0.42696810723810297,0.0,0.0,0.0,0.0,0.0,0.0,0.0,0.0
1.0,1.0,0.6435282819080188,0.8724473922572016,0.2937852916040074,0.7759961551030667,0.0,0.0,1.1136119241465856,0.8767565547491709,3.6026593664593363,3.7586999054852415,4.988177852962199,5.541445110843309,1.8635624487063598,1.569039318461596,0.248376487697627,-0.03110137058866365,0.12755260774279842,0.0,0.2555302043564853,0.32656494695859306,0.0,0.0,0.0,0.0,0.0,0.0,0.0,0.0
1.0,1.0,0.7765595106296501,0.6781361424017611,0.5558083863521304,0.3714891781609342,0.0,0.0,1.112222529644752,1.0529672825663727,3.7561705409561013,3.6051897822240813,4.921136741064478,5.20078049615367,3.1800833972213125,1.2932440031458197,0.6506035260947236,0.003913458624740419,0.33142903358931497,0.009565175991076152,0.6003800975402591,0.15925218803379365,0.0,0.0,0.0,0.0,0.0,0.0,0.0,0.0
1.0,1.0,0.9116676784671551,0.6435282819080188,0.8242809442879675,0.2937852916040074,0.0,0.0,1.0850361628092473,1.1136119241465856,3.9025201741388575,3.6026593664593363,5.145486025314648,4.988177852962199,4.229999530532268,1.8635624487063598,0.8395504565731037,0.248376487697627,0.4840243258347797,0.12755260774279842,0.8923276404079499,0.2555302043564853,0.0,0.0,0.0,0.0,0.0,0.0,0.0,0.0
1.0,1.0,0.9911498114585829,0.7765595106296501,0.9825526176474269,0.5558083863521304,0.0,0.0,1.054208895625257,1.112222529644752,3.987368758549599,3.7561705409561013,5.535623875907552,4.921136741064478,4.722572979556602,3.1800833972213125,0.7780570175997537,0.6506035260947236,0.5453043469685888,0.33142903358931497,1.0351094758807564,0.6003800975402591,0.0,0.0,0.0,0.0,0.0,0.0,0.0,0.0
1.0,1.0,1.026474202069016,0.9116676784671551,1.0529484041380321,0.8242809442879675,0.0,0.0,1.0301557832350063,1.0850361628092473,4.02505582103853,3.9025201741388575,5.397350677459083,5.145486025314648,4.530182643040445,4.229999530532268,0.6606889689004696,0.8395504565731037,0.4448040396248262,0.4840243258347797,0.9708054480170136,0.8923276404079499,0.0,0.0,0.0,0.0,0.0,0.0,0.0,0.0
1.0,1.0,1.0352705811420384,0.9911498114585829,1.0705411622840766,0.9825526176474269,0.0,0.0,0.9958335466449986,1.054208895625257,4.054021441028798,3.987368758549599,4.7577835052456585,5.535623875907552,3.8943466295610194,4.722572979556602,0.5725699000424991,0.7780570175997537,0.24185585390284312,0.5453043469685888,0.776999937679751,1.0351094758807564,0.019130351982152304,0.0,0.019130351982152304,0.0,0.0,0.0,0.0,0.0
1.0,1.0,1.0303317600042767,1.026474202069016,1.0606635200085535,1.0529484041380321,0.0,0.0,0.751623512302373,1.0301557832350063,4.285436975489874,4.02505582103853,4.317253549950612,5.397350677459083,3.3380027689972573,4.530182643040445,0.5194082432295924,0.6606889689004696,0.1894107272066273,0.4448040396248262,0.7197424872109042,0.9708054480170136,0.25510521548559684,0.0,0.25510521548559684,0.0,0.0,0.0,0.0,0.0
1.0,1.0,1.0208406836803376,1.0352705811420384,1.032116191369599,1.0705411622840766,0.0,0.0,0.33983129791420014,0.9958335466449986,4.683698750858968,4.054021441028798,4.230437235527699,4.7577835052456585,3.019318450276899,3.8943466295610194,0.5027437252080815,0.5725699000424991,0.30500864098869374,0.24185585390284312,0.8258493246690315,0.776999937679751,0.6628580671786299,0.019130351982152304,0.6628580671786299,0.019130351982152304,0.0,0.0,0.0,0.0
1.0,1.0,1.0121863214003468,1.0303317600042767,0.8968200350578953,1.0606635200085535,0.0,0.0,0.032896935684097836,0.751623512302373,4.980234973069907,4.285436975489874,4.282525469390685,4.317253549950612,2.885056127169479,3.3380027689972573,0.6127715330328536,0.5194082432295924,0.4272183637614869,0.1894107272066273,0.9394046851618338,0.7197424872109042,0.9680486516695594,0.25510521548559684,0.9680486516695594,0.25510521548559684,0.0,0.0,0.0,0.0
1.0,1.0,0.9966985881412147,1.0208406836803376,0.6715333186841906,1.032116191369599,0.0,0.0,-0.10948605118906873,0.33983129791420014,5.106437634060545,4.683698750858968,4.345852581770803,4.230437235527699,2.840280275172713,3.019318450276899,0.7990664446055309,0.5027437252080815,0.4891930821462127,0.30500864098869374,1.0050220222695798,0.8258493246690315,1.10973904591933,0.6628580671786299,1.10973904591933,0.6628580671786299,0.0,0.0,0.009565175991076152,0.0
1.0,1.0,0.8753389624743578,1.0121863214003468,0.3942062068567345,0.8968200350578953,0.0,0.0,-0.14471329473524921,0.032896935684097836,5.020052257209608,4.980234973069907,4.291902835342227,4.282525469390685,2.6298524085228148,2.885056127169479,0.7200971528428208,0.6127715330328536,0.4022859582202026,0.4272183637614869,1.0327301361801573,0.9394046851618338,1.1447132947352494,0.9680486516695594,1.1447132947352494,0.9680486516695594,0.0,0.0,0.12755260774279842,0.0
1.0,1.0,0.6793543275830457,0.9966985881412147,0.13526816579574152,0.6715333186841906,0.0,0.0,-0.12743942300216393,-0.10948605118906873,4.778098222611981,5.106437634060545,4.171845256432179,4.345852581770803,2.2609543248388837,2.840280275172713,0.3870923741951591,0.7990664446055309,0.2051862300991384,0.4891930821462127,1.0378334488697378,1.0050220222695798,1.1274394230021638,1.10973904591933,1.1274394230021638,1.10973904591933,0.0,0.0,0.3218638575982389,0.009565175991076152
1.0,1.0,0.6440010755848474,0.8753389624743578,0.19966982963684982,0.3942062068567345,0.0,0.0,-0.0917648905972171,-0.14471329473524921,4.353108142953669,5.020052257209608,4.516594537045666,4.291902835342227,1.9886088481852455,2.6298524085228148,0.10188921915773752,0.7200971528428208,0.04678022784632564,0.4022859582202026,1.031277347357934,1.0327301361801573,1.091764890597217,1.1447132947352494,1.091764890597217,1.1447132947352494,0.0,0.0,0.35647171809198125,0.12755260774279842
1.0,1.0,0.7766860079947807,0.6793543275830457,0.5445218274481443,0.13526816579574152,0.0,0.0,-0.056898260718087304,-0.12743942300216393,3.8488623439359992,4.778098222611981,5.281116496125722,4.171845256432179,1.868321095600466,2.2609543248388837,-0.04711102223440182,0.3870923741951591,-0.03390234191419665,0.2051862300991384,1.0210936784105988,1.0378334488697378,1.0568982607180872,1.1274394230021638,1.0568982607180872,1.1274394230021638,0.019130351982152304,0.0,0.2234404893703499,0.3218638575982389
1.0,1.0,0.9116676784671551,0.6440010755848474,0.8498095590033262,0.19966982963684982,0.0,0.0,-0.03110137058866365,-0.0917648905972171,3.618248679294278,4.353108142953669,5.994332080786342,4.516594537045666,1.845193613582796,1.9886088481852455,-0.09930364311346929,0.10188921915773752,-0.06017032596727773,0.04678022784632564,1.0121863214003468,1.031277347357934,1.0311013705886638,1.091764890597217,1.0311013705886638,1.091764890597217,0.25510521548559684,0.0,0.08833232153284491,0.35647171809198125
1.0,1.0,0.9911498114585829,0.7766860079947807,1.0175702040592043,0.5445218274481443,0.0,0.0,-0.015216893357411885,-0.056898260718087304,3.654056817544163,3.8488623439359992,6.508800477132352,5.281116496125722,1.8685265293585909,1.868321095600466,-0.0991167900082508,-0.04711102223440182,-0.05745594736879109,-0.03390234191419665,1.006263764132291,1.0210936784105988,1.015216893357412,1.0568982607180872,0.9960865413752596,1.0568982607180872,0.6628580671786299,0.019130351982152304,0.027980540523569384,0.2234404893703499
1.0,1.0,1.026474202069016,0.9116676784671551,1.0832801641423089,0.8498095590033262,0.0,0.0,-0.0067287277879698815,-0.03110137058866365,3.545052098103295,3.618248679294278,6.984146874678937,5.994332080786342,1.9068167283722972,1.845193613582796,-0.07621420530288528,-0.09930364311346929,-0.04299087508145222,-0.06017032596727773,1.0028915702171561,1.0121863214003468,1.00672872778797,1.0311013705886638,0.751623512302373,1.0311013705886638,0.9680486516695594,0.25510521548559684,0.22863101341658082,0.08833232153284491
1.0,1.0,1.0352705811420384,0.9911498114585829,1.0913818459644145,1.0175702040592043,0.0,0.0,0.01644098688932217,-0.015216893357411885,3.2292470915215814,3.654056817544163,7.464126350851625,6.508800477132352,1.9618525991686737,1.8685265293585909,-0.04928981403938136,-0.0991167900082508,-0.027230945177759106,-0.05745594736879109,1.0012181851812847,1.006263764132291,1.0026893650928301,1.015216893357412,0.34939647390527634,0.9960865413752596,1.1001738699282537,0.6628580671786299,0.6084571340544394,0.027980540523569384
1.0,1.0,1.0303317600042767,1.026474202069016,1.0728498414089003,1.0832801641423089,0.0,0.0,0.25415962813193965,-0.0067287277879698815,2.870385399417375,3.545052098103295,7.963962404099712,6.984146874678937,2.2240038448969335,1.9068167283722972,-0.02773700669467871,-0.07621420530288528,-0.015077891617503215,-0.04299087508145222,1.0004727936768287,1.0028915702171561,1.0009455873536572,1.00672872778797,0.1604495434268963,0.751623512302373,1.0171606869924508,0.9680486516695594,0.6826116761796859,0.22863101341658082
1.0,1.0,1.0208406836803376,1.0352705811420384,1.0479451314929662,1.0913818459644145,0.0,0.0,0.662605072448369,0.01644098688932217,2.539167567343753,3.2292470915215814,8.44263139672164,7.464126350851625,2.6667715258033704,1.9618525991686737,0.005258141171155486,-0.04928981403938136,0.011648402668576884,-0.027230945177759106,1.0001264973651307,1.0012181851812847,0.9811226427481088,1.0026893650928301,0.21237780640917012,0.34939647390527634,0.7864452134217729,1.1001738699282537,0.4260402950603621,0.6084571340544394
1.0,1.0,1.0121863214003468,1.0303317600042767,1.02726421301785,1.0728498414089003,0.0,0.0,0.9680486516695594,0.25415962813193965,2.127573874760334,2.870385399417375,8.71748276898676,7.963962404099712,3.2164251393671868,2.2240038448969335,0.2488492813744556,-0.02773700669467871,0.25174085159161197,-0.015077891617503215,1.0,1.0004727936768287,0.7448947845144032,1.0009455873536572,0.21175842335673206,0.1604495434268963,0.480187957019639,1.0171606869924508,0.16447832166534293,0.6826116761796859
1.0,1.0,1.006263764132291,1.0208406836803376,1.0137457134458665,1.0479451314929662,0.0,0.0,1.10973904591933,0.662605072448369,1.666720541314758,2.539167567343753,8.804281879440023,8.44263139672164,3.7603425720140535,2.6667715258033704,0.6507300234598543,0.005258141171155486,0.661513384632215,0.011648402668576884,1.0,1.0001264973651307,0.33714193282137006,0.9811226427481088,0.09600106636818598,0.21237780640917012,0.17059970416910744,0.7864452134217729,0.011436612950543285,0.4260402950603621
1.0,1.0,1.0028915702171561,1.0121863214003468,1.0062559341111412,1.02726421301785,0.0,0.0,1.1447132947352494,0.9680486516695594,1.3761789741951322,2.127573874760334,8.892566140268709,8.71748276898676,3.984263751308353,3.2164251393671868,0.8395504565731037,0.2488492813744556,0.9675758579927308,0.25174085159161197,1.0,1.0,0.03195134833044062,0.7448947845144032,-0.003432569064372174,0.21175842335673206,-0.025279602613740647,0.480187957019639,-0.05583997435518845,0.16447832166534293
1.0,1.0,1.0012181851812847,1.006263764132291,1.0025628677276996,1.0137457134458665,0.0,0.0,1.1274394230021638,1.10973904591933,1.2744355660822464,1.666720541314758,9.028627396808801,8.804281879440023,3.9054964406019175,3.7603425720140535,0.7780570175997537,0.6507300234598543,1.1096125485541992,0.661513384632215,1.0,1.0,-0.10973904591932976,0.33714193282137006,-0.04804807217667022,0.09600106636818598,-0.10337234110333497,0.17059970416910744,-0.07175934746536117,0.011436612950543285
1.0,1.0,1.0004727936768287,1.0028915702171561,1.0009455873536572,1.0062559341111412,0.0,0.0,1.091764890597217,1.1447132947352494,1.2807216659178065,1.3761789741951322,9.11214612562196,8.892566140268709,3.7524538594976864,3.984263751308353,0.6606889689004696,0.8395504565731037,1.1447132947352494,0.9675758579927308,1.0,1.0,-0.14471329473524921,0.03195134833044062,-0.05757557265767971,-0.003432569064372174,-0.11151036487826328,-0.025279602613740647,-0.061136313685382054,-0.05583997435518845
1.0,1.0,1.0001264973651307,1.0012181851812847,0.990687818739185,1.0025628677276996,0.0,0.0,1.0473330847270113,1.1274394230021638,1.3204210651064585,1.2744355660822464,9.119270173051026,9.028627396808801,3.610337808778434,3.9054964406019175,0.5725699000424991,0.7780570175997537,1.1274394230021638,1.1096125485541992,1.0,1.0,-0.12743942300216393,-0.10973904591932976,-0.0504874744994502,-0.04804807217667022,-0.08947947676729548,-0.10337234110333497,-0.04180786472580593,-0.07175934746536117
1.0,1.0,1.0,1.0004727936768287,0.8724473922572016,1.0009455873536572,0.0,0.0,0.9035487628458652,1.091764890597217,1.2588758822545114,1.2807216659178065,8.98310693167829,9.11214612562196,3.2954043983326593,3.7524538594976864,0.5194082432295924,0.6606889689004696,1.091764890597217,1.1447132947352494,1.0,1.0,-0.0917648905972171,-0.14471329473524921,-0.037060487792246605,-0.05757557265767971,-0.06048754323928315,-0.11151036487826328,-0.024372642800693768,-0.061136313685382054
1.0,1.0,1.0,1.0001264973651307,0.6781361424017611,0.990687818739185,0.009565175991076152,0.0,0.6933530357591731,1.0473330847270113,1.1206317432683446,1.3204210651064585,8.740758257736063,9.119270173051026,2.8455373753957875,3.610337808778434,0.4931785492170053,0.5725699000424991,1.0568982607180872,1.1274394230021638,1.0,1.0,-0.056898260718087304,-0.12743942300216393,-0.02353004877316784,-0.0504874744994502,-0.03580458230748855,-0.08947947676729548,-0.012527528264581752,-0.04180786472580593
1.0,1.0,1.0,1.0,0.6435282819080188,0.8724473922572016,0.12755260774279842,0.0,0.6502570096959888,0.9035487628458652,1.2356695678145115,1.2588758822545114,8.441979826862658,8.98310693167829,2.5238990014084655,3.2954043983326593,0.4852189252900551,0.5194082432295924,1.0311013705886638,1.091764890597217,1.0,1.0,-0.03110137058866365,-0.0917648905972171,-0.013131908754004107,-0.037060487792246605,-0.018915049188316765,-0.06048754323928315,-0.00578314043431266,-0.024372642800693768
1.0,1.0,1.0,1.0,0.7574291586474977,0.6781361424017611,0.33142903358931497,0.009565175991076152,0.7792488757224802,0.6933530357591731,1.6676953815134863,1.1206317432683446,8.078136701695623,8.740758257736063,2.398848434154021,2.8455373753957875,0.4963329389894444,0.4931785492170053,0.9960865413752596,1.0568982607180872,0.9808696480178477,1.0,-0.015216893357411885,-0.056898260718087304,-0.00651675886255192,-0.02353004877316784,-0.00895312922512101,-0.03580458230748855,-0.0024363703625690895,-0.012527528264581752
1.0,1.0,1.0,1.0,0.6565624629815582,0.6435282819080188,0.4840243258347797,0.12755260774279842,0.9126132658208124,0.6502570096959888,2.908911344779524,1.2356695678145115,7.067247045245996,8.441979826862658,2.6025155505976434,2.5238990014084655,0.6187306502364365,0.4852189252900551,0.751623512302373,1.0311013705886638,0.7448947845144032,1.0,-0.0067287277879698815,-0.03110137058866365,-0.00289157021715633,-0.013131908754004107,-0.003837157570813552,-0.018915049188316765,-0.0009455873536572226,-0.00578314043431266
1.0,1.0,1.0,1.0,0.3474220962621053,0.7574291586474977,0.5453043469685888,0.33142903358931497,0.991402806188844,0.7792488757224802,4.704200916665884,1.6676953815134863,5.569268971823016,8.078136701695623,3.0403177333119276,2.398848434154021,0.8265099520034391,0.4963329389894444,0.34939647390527634,0.9960865413752596,0.34670710881244615,0.9808696480178477,-0.0026893650928301346,-0.015216893357411885,-0.0012181851812845448,-0.00651675886255192,-0.0014711799115455899,-0.00895312922512101,-0.00025299473026104525,-0.0024363703625690895
1.0,1.0,1.0,1.0,0.3135307658850536,0.6565624629815582,0.4448040396248262,0.4840243258347797,1.026474202069016,0.9126132658208124,6.09763247650402,2.908911344779524,4.496954990384294,7.067247045245996,3.501417592274813,2.6025155505976434,0.981605549294452,0.6187306502364365,0.1604495434268963,0.751623512302373,0.15950395607323906,0.7448947845144032,-0.0009455873536572226,-0.0067287277879698815,-0.0004727936768286113,-0.00289157021715633,-0.0004727936768286113,-0.003837157570813552,0.0,-0.0009455873536572226
1.0,1.0,1.0,1.0,0.5788244264102624,0.3474220962621053,0.2514210298939193,0.5453043469685888,1.016140229159886,0.991402806188844,6.80216628324196,4.704200916665884,4.072915059924016,5.569268971823016,3.8257870750279466,3.0403177333119276,1.0346474831613586,0.8265099520034391,0.21237780640917012,0.34939647390527634,0.21212481167890906,0.34670710881244615,-0.00025299473026104525,-0.0026893650928301346,-0.00012649736513052262,-0.0012181851812845448,-0.00012649736513052262,-0.0014711799115455899,0.0,-0.00025299473026104525
1.0,1.0,1.0,1.0,0.7261145091957885,0.3135307658850536,0.31696333494942575,0.4448040396248262,0.7752265445186799,1.026474202069016,6.246223455879072,6.09763247650402,4.570306170224509,4.496954990384294,3.331847809847746,3.501417592274813,0.8167786382051991,0.981605549294452,0.21175842335673206,0.1604495434268963,0.21175842335673206,0.15950395607323906,0.0,-0.0009455873536572226,0.0,-0.0004727936768286113,0.0,-0.0004727936768286113,0.0,0.0
1.0,1.0,1.0,1.0,0.6717112730081884,0.5788244264102624,0.6364376745780087,0.2514210298939193,0.3675477924927839,1.016140229159886,4.78434861789142,6.80216628324196,5.684741283757459,4.072915059924016,2.2357824096498535,3.8257870750279466,0.4007351469573215,1.0346474831613586,0.10556624235926212,0.21237780640917012,0.11513141835033827,0.21212481167890906,0.0,-0.00025299473026104525,0.0,-0.00012649736513052262,0.0,-0.00012649736513052262,0.0,0.0
1.0,1.0,1.0,1.0,0.5811103997035993,0.7261145091957885,0.9112426895962666,0.31696333494942575,0.17169027747358595,0.7752265445186799,3.451430327864915,6.246223455879072,6.7075820706381215,4.570306170224509,2.0185625016249844,3.331847809847746,0.07783379362904916,0.8167786382051991,0.12412003867842626,0.21175842335673206,0.2516726464212247,0.21175842335673206,0.0,0.0,0.0,0.0,0.0,0.0,0.0,0.0
1.0,1.0,1.0,1.0,0.5315005794477788,0.6717112730081884,1.0536277810969539,0.6364376745780087,0.23751892779335226,0.3675477924927839,2.5801040948863827,4.78434861789142,7.416809958631365,5.684741283757459,2.739024966939935,2.2357824096498535,-0.08128991556028611,0.4007351469573215,0.2738157854215686,0.10556624235926212,0.5956796430198075,0.11513141835033827,0.0,0.0,0.0,0.0,0.0,0.0,0.0,0.0
1.0,1.0,1.0,1.0,0.6187510506008836,0.5811103997035993,1.1021952133306256,0.9112426895962666,0.46975520905948526,0.17169027747358595,2.058470396613454,3.451430327864915,7.988220823527364,6.7075820706381215,3.035833868365352,2.0185625016249844,-0.1291626094409174,0.07783379362904916,0.29889614543430154,0.12412003867842626,0.6553678635262827,0.2516726464212247,0.0,0.0,0.0,0.0,0.0,0.0,0.0,0.0
1.0,1.0,1.0,1.0,0.7914785226480407,0.5315005794477788,1.1003349751895355,1.0536277810969539,0.7600773187281005,0.23751892779335226,1.788238562433066,2.5801040948863827,8.481595840981218,7.416809958631365,2.664595763380432,2.739024966939935,-0.11983097632345799,-0.08128991556028611,0.1729530148708997,0.2738157854215686,0.3963935042412496,0.5956796430198075,0.0,0.0,0.0,0.0,0.0,0.0,0.0,0.0
1.0,1.0,1.0,1.0,0.7078821015280967,0.6187510506008836,1.0766869989797139,1.1021952133306256,0.9650888762820159,0.46975520905948526,2.0485109167355997,2.058470396613454,8.745794184595503,7.988220823527364,2.2450273221572794,3.035833868365352,-0.08840052670323216,-0.1291626094409174,0.051271833740598315,0.29889614543430154,0.13960415527344322,0.6553678635262827,0.0,0.0,0.0,0.0,0.0,0.0,0.0,0.0
1.0,1.0,1.0,1.0,0.3953467030338559,0.7914785226480407,1.0494163114045119,1.1003349751895355,1.0618174711077901,0.7600773187281005,2.6760425035920274,1.788238562433066,8.81573031001667,8.481595840981218,2.0215735587672587,2.664595763380432,-0.05555357817167223,-0.11983097632345799,-0.014679860231750759,0.1729530148708997,-0.00582967169033368,0.3963935042412496,0.0,0.0,0.0,0.0,0.0,0.0,0.0,0.0
1.0,1.0,1.0,1.0,0.34964566632364297,0.7078821015280967,1.0277370066946787,1.0766869989797139,1.0871377220775695,0.9650888762820159,2.9770205856008003,2.0485109167355997,8.892592218510515,8.745794184595503,2.151979137288401,2.2450273221572794,-0.030628576911835036,-0.08840052670323216,-0.039606110823020166,0.051271833740598315,-0.06608031289203622,0.13960415527344322,0.0,0.0,0.0,0.0,0.0,0.0,0.0,0.0
1.0,1.0,1.0,1.0,0.6021014804531692,0.3953467030338559,1.0138722108109968,1.0494163114045119,1.0769519485027137,1.0618174711077901,2.858679194556757,2.6760425035920274,9.014909162797064,8.81573031001667,2.5346210005330043,2.0215735587672587,-0.015090395992281362,-0.05555357817167223,-0.04178734000459024,-0.014679860231750759,-0.07705792114662854,-0.00582967169033368,0.0,0.0,0.0,0.0,0.0,0.0,0.0,0.0
1.0,1.0,1.0,1.0,0.7392464179497926,0.34964566632364297,1.0062559341111412,1.0277370066946787,1.0547044028049704,1.0871377220775695,2.664510406259308,2.9770205856008003,8.980609113453454,8.892592218510515,2.858109592554035,2.151979137288401,-0.0067287277879698815,-0.030628576911835036,-0.03322333022143305,-0.039606110823020166,-0.06355509022570978,-0.06608031289203622,0.0,0.0,0.0,0.0,0.0,0.0,0.0,0.0
1.0,1.0,1.0,1.0,0.6782280318707405,0.6021014804531692,1.0025628677276996,1.0138722108109968,1.0333682119449195,1.0769519485027137,2.526511055095315,2.858679194556757,8.794670609499219,9.014909162797064,2.995390902677727,2.5346210005330043,-0.0026893650928301346,-0.015090395992281362,-0.02205886886162225,-0.04178734000459024,-0.04289955254195996,-0.07705792114662854,0.0,0.0,0.0,0.0,0.0,0.0,0.0,0.0
1.0,1.0,1.0,1.0,0.5840019699207557,0.7392464179497926,1.0009455873536572,1.0062559341111412,1.0179694618346598,1.0547044028049704,2.3431568284916606,2.664510406259308,8.625162024399637,8.980609113453454,2.5896495438896663,2.858109592554035,-0.0009455873536572226,-0.0067287277879698815,-0.012659115077175495,-0.03322333022143305,-0.024845436477522374,-0.06355509022570978,0.0,0.0,0.0,0.0,0.0,0.0,0.0,0.0
0.9904348240089238,1.0,1.0,1.0,0.5327187646290634,0.6782280318707405,1.000252994730261,1.0025628677276996,1.0087001344948598,1.0333682119449195,2.145335851677846,2.526511055095315,8.51647907527982,8.794670609499219,1.7785986130177873,2.995390902677727,-0.00025299473026104525,-0.0026893650928301346,-0.006390261497421398,-0.02205886886162225,-0.012654025629712273,-0.04289955254195996,0.0,0.0,0.0,0.0,0.0,0.0,0.0,0.0
0.8724473922572016,1.0,1.0,1.0,0.6192238442777122,0.5840019699207557,1.0,1.0009455873536572,1.0038371575708136,1.0179694618346598,2.3496835051085805,2.3431568284916606,8.353174711652983,8.625162024399637,1.1450468937431304,2.5896495438896663,0.0,-0.0009455873536572226,-0.00289157021715633,-0.012659115077175495,-0.00578314043431266,-0.024845436477522374,0.0,0.0,0.0,0.0,0.0,0.0,0.0,0.0
0.6781361424017611,0.9904348240089238,1.0,1.0,0.8107353719953235,0.5327187646290634,1.0,1.000252994730261,1.0014711799115457,1.0087001344948598,2.875177949241537,2.145335851677846,8.12655107173553,8.51647907527982,0.851930774866703,1.7785986130177873,0.0,-0.00025299473026104525,0.008346990809791607,-0.006390261497421398,-0.0024363703625690895,-0.012654025629712273,0.019130351982152304,0.0,0.0,0.0,0.0,0.0,0.0,0.0
0.6435282819080188,0.8724473922572016,1.0,1.0,0.9629873170136936,0.6192238442777122,1.0,1.0,1.0004727936768287,1.0038371575708136,2.975577434324782,2.3496835051085805,7.859036893771802,8.353174711652983,0.9948888218964478,1.1450468937431304,0.0,0.0,0.12707981406596983,-0.00289157021715633,-0.0009455873536572226,-0.00578314043431266,0.25510521548559684,0.0,0.0,0.0,0.0,0.0,0.0,0.0
0.7765595106296501,0.6781361424017611,1.0,1.0,1.0390744182303335,0.8107353719953235,1.0,1.0,0.9905613213740544,1.0014711799115457,2.6048575895177466,2.875177949241537,7.60267893049202,8.12655107173553,1.422690125071192,0.851930774866703,0.0,0.0,0.3313025362241845,0.008346990809791607,-0.00025299473026104525,-0.0024363703625690895,0.6437277151964778,0.019130351982152304,0.0,0.0,0.0,0.0,0.0,0.0
0.9116676784671551,0.6435282819080188,1.0,1.0,1.0625891025076055,0.9629873170136936,1.0,1.0,0.8724473922572016,1.0004727936768287,2.3413567802852406,2.975577434324782,7.558985313140047,7.859036893771802,1.7912475982630953,0.9948888218964478,0.0,0.0,0.4840243258347797,0.12707981406596983,0.0,-0.0009455873536572226,0.7129434361839625,0.25510521548559684,0.0,0.0,0.0,0.0,0.0,0.0
0.9911498114585829,0.7765595106296501,1.0,1.0,1.048982459193869,1.0390744182303335,1.0,1.0,0.6781361424017611,0.9905613213740544,2.394176827794617,2.6048575895177466,7.706576034996278,7.60267893049202,1.9986318895759854,1.422690125071192,0.0,0.0,0.554869522959665,0.3313025362241845,0.009565175991076152,-0.00025299473026104525,0.4468809787406998,0.6437277151964778,0.0,0.0,0.0,0.0,0.0,0.0
1.026474202069016,0.9116676784671551,1.0,1.0,0.9159110610154824,1.0625891025076055,1.0,1.0,0.6435282819080188,0.8724473922572016,3.280973701179332,2.3413567802852406,7.86289366295139,7.558985313140047,2.0834561409115793,1.7912475982630953,0.0,0.0,0.5723566473676247,0.4840243258347797,0.12755260774279842,0.0,0.17666464306568982,0.7129434361839625,0.0,0.0,0.0,0.0,0.0,0.0
1.0352705811420384,0.9911498114585829,1.0,1.0,0.6959284089535747,1.048982459193869,1.0,1.0,0.7765595106296501,0.6781361424017611,4.770764749240864,2.394176827794617,7.9327869679450265,7.706576034996278,2.1355193349819057,1.9986318895759854,0.019130351982152304,0.0,0.5541545355100058,0.554869522959665,0.33142903358931497,0.009565175991076152,0.01770037708283416,0.4468809787406998,0.0,0.0,0.0,0.0,0.0,0.0
1.0303317600042767,1.026474202069016,1.0,1.0,0.5310535657827236,0.9159110610154824,1.0,1.0,0.9116676784671551,0.6435282819080188,5.993719892047067,3.280973701179332,7.62779289986946,7.86289366295139,2.588517865992471,2.0834561409115793,0.25510521548559684,0.0,0.4183298375558101,0.5723566473676247,0.4840243258347797,0.12755260774279842,-0.052948404138032125,0.17666464306568982,0.0,0.0,0.0,0.0,0.0,0.0
1.0208406836803376,1.0352705811420384,1.0,1.0,0.46217760234498667,0.6959284089535747,0.9808696480178477,1.0,0.9911498114585829,0.7765595106296501,6.686673144247395,4.770764749240864,7.0141181843481055,7.9327869679450265,3.377235664889687,2.1355193349819057,0.6628580671786299,0.019130351982152304,0.19702009676972868,0.5541545355100058,0.5453043469685888,0.33142903358931497,-0.07054116228407663,0.01770037708283416,0.0,0.0,0.0,0.0,0.0,0.0
1.0121863214003468,1.0303317600042767,1.0,1.0,0.5585603242691588,0.5310535657827236,0.7448947845144032,1.0,1.026474202069016,0.9116676784671551,6.616713721600496,5.993719892047067,6.319789203120356,7.62779289986946,3.965307499220468,2.588517865992471,0.9680486516695594,0.25510521548559684,0.031526359459552136,0.4183298375558101,0.4448040396248262,0.4840243258347797,-0.06066352000855345,-0.052948404138032125,0.0,0.0,0.0,0.0,0.0,0.0
1.006263764132291,1.0208406836803376,0.9808696480178477,1.0,0.7499236526524958,0.46217760234498667,0.33714193282137006,0.9808696480178477,1.0352705811420384,0.9911498114585829,5.987456215323107,6.686673144247395,5.71115971705845,7.0141181843481055,4.1767979397890915,3.377235664889687,1.0906086939371775,0.6628580671786299,-0.04726107628095895,0.19702009676972868,0.23229067791176697,0.5453043469685888,-0.04168136736067542,-0.07054116228407663,0.0,0.0,0.0,0.0,0.0,0.0
1.0028915702171561,1.0121863214003468,0.7448947845144032,1.0,0.6835094587274029,0.5585603242691588,0.03195134833044062,0.7448947845144032,1.0303317600042767,1.026474202069016,5.065678938368013,6.616713721600496,5.581700149436682,6.319789203120356,3.5308396708016776,3.965307499220468,0.8896080792496524,0.9680486516695594,-0.06899228347363967,0.031526359459552136,0.06185811946382885,0.4448040396248262,-0.024372642800693768,-0.06066352000855345,0.0,0.0,0.0,0.0,0.0,0.0
0.9916530091902085,1.006263764132291,0.35627228480352235,0.9808696480178477,0.3636888227871218,0.7499236526524958,-0.09060869393717746,0.33714193282137006,1.0208406836803376,1.0352705811420384,4.1079218455023,5.987456215323107,5.868097153523215,5.71115971705845,2.249863657579116,4.1767979397890915,0.46458135582353394,1.0906086939371775,-0.052809852963590746,-0.04726107628095895,-0.01685521660954508,0.23229067791176697,-0.012527528264581752,-0.04168136736067542,0.0,0.0,0.0,0.0,0.0,0.0
0.8729201859340302,1.0028915702171561,0.2870565638160375,0.7448947845144032,0.0887573104037334,0.6835094587274029,0.11039192075034768,0.03195134833044062,1.0121863214003468,1.0303317600042767,3.4875403056152177,5.065678938368013,6.188579591255642,5.581700149436682,1.0252241980538164,3.5308396708016776,0.1237162389276577,0.8896080792496524,0.0821429561210185,-0.06899228347363967,0.07074664566950567,0.06185811946382885,-0.00578314043431266,-0.024372642800693768,0.0,0.0,0.0,0.0,0.0,0.0
0.6782626397668917,0.9916530091902085,0.5531190212593002,0.35627228480352235,-0.05362778109695375,0.3636888227871218,0.5354186441764661,-0.09060869393717746,1.006263764132291,1.0208406836803376,3.2364709201698445,4.1079218455023,6.407735593012395,5.868097153523215,0.13153948722089254,2.249863657579116,-0.043275609210166315,0.46458135582353394,0.312671576586478,-0.052809852963590746,0.275317768766939,-0.01685521660954508,-0.0024363703625690895,-0.012527528264581752,0.0,0.0,0.0,0.0,0.0,0.0
0.6435282819080188,0.8729201859340302,0.8233353569343103,0.2870565638160375,-0.10219521333062562,0.0887573104037334,0.8762837610723424,0.11039192075034768,1.0028915702171561,1.0121863214003468,3.3124093559731542,3.4875403056152177,6.634321749674664,6.188579591255642,-0.21243318695518137,1.0252241980538164,0.01394068359621288,0.1237162389276577,0.5960262482832464,0.0821429561210185,0.44150624443015607,0.07074664566950567,-0.0009455873536572226,-0.00578314043431266,0.0,0.0,0.0,0.0,0.0,0.0
0.7765595106296501,0.6782626397668917,0.9822996229171659,0.5531190212593002,-0.09076979919845918,-0.05362778109695375,1.0528407852012425,0.5354186441764661,1.0012181851812847,1.006263764132291,3.57207022987768,3.2364709201698445,6.869706177211328,6.407735593012395,-0.13975967061275896,0.13153948722089254,0.20964132795348683,-0.043275609210166315,0.8691249338791978,0.312671576586478,0.5277650751470364,0.275317768766939,-0.00025299473026104525,-0.0024363703625690895,0.0,0.0,0.0,0.0,0.0,0.0
0.9116676784671551,0.6435282819080188,1.0529484041380321,0.8233353569343103,0.05086560876308457,-0.10219521333062562,1.1136119241465856,0.8762837610723424,1.0004727936768287,1.0028915702171561,3.806398853687744,3.3124093559731542,6.907042146418581,6.634321749674664,-0.05007879285897947,-0.21243318695518137,0.271435555282734,0.01394068359621288,0.9254640015656209,0.5960262482832464,0.5572787557501214,0.44150624443015607,0.0,-0.0009455873536572226,0.0,0.0,0.0,0.0,0.0,0.0
0.9720194594764306,0.7765595106296501,1.0705411622840766,0.9822996229171659,0.2820127221848031,-0.09076979919845918,1.112222529644752,1.0528407852012425,1.0001264973651307,1.0012181851812847,3.939361779957669,3.57207022987768,6.76108780909178,6.869706177211328,-0.06931498560041563,-0.13975967061275896,0.16923159374509272,0.20964132795348683,0.7858155183250168,0.8691249338791978,0.5562377621875065,0.5277650751470364,0.0,-0.00025299473026104525,0.0,0.0,0.0,0.0,0.0,0.0
0.7713689865834192,0.9116676784671551,1.0606635200085535,1.0529484041380321,0.456287319140101,0.05086560876308457,1.0850361628092473,1.1136119241465856,1.0,1.0004727936768287,3.8885316857367043,3.806398853687744,6.611286583303054,6.907042146418581,-0.09484550612304868,-0.05007879285897947,0.05817653829783849,0.271435555282734,0.6337419731546249,0.9254640015656209,0.5425180814046237,0.5572787557501214,0.0,0.0,0.0,0.0,0.0,0.0,0.0,0.0
0.39154286594556065,0.9720194594764306,1.0416813673606755,1.0705411622840766,0.531432136157592,0.2820127221848031,1.044643719634181,1.112222529644752,1.0,1.0001264973651307,3.715122963592611,3.939361779957669,6.5401285766927595,6.76108780909178,-0.09319276278838379,-0.06931498560041563,-0.006113710085733758,0.16923159374509272,0.527607645544254,0.7858155183250168,0.5366696238037048,0.5562377621875065,0.0,0.0,0.0,0.0,0.0,0.0,0.0,0.0
0.31738832382031423,0.7713689865834192,1.0243726428006936,1.0606635200085535,0.4385481055136849,0.456287319140101,0.902603175492208,1.0850361628092473,1.0,1.0,3.6778992544941866,3.8885316857367043,6.734414153850894,6.611286583303054,-0.07776175602158936,-0.09484550612304868,-0.03320292985698595,0.05817653829783849,0.3615238754825173,0.6337419731546249,0.6426304993603017,0.5425180814046237,0.0,0.0,0.0,0.0,0.0,0.0,0.0,0.0
0.5739597049396379,0.39154286594556065,1.0125275282645818,1.0416813673606755,0.22972781018406735,0.531432136157592,0.6739696890467597,1.044643719634181,1.0,1.0,3.8197254532362095,3.715122963592611,7.130023856399161,6.5401285766927595,-0.0585555697779406,-0.09319276278838379,-0.03795994623486845,-0.006113710085733758,0.14090883194735263,0.527607645544254,0.8389109829028905,0.5366696238037048,0.0,0.0,0.0,0.0,0.0,0.0,0.0,0.0
0.8355216783346571,0.31738832382031423,1.0057831404343127,1.0243726428006936,0.060912532110171634,0.4385481055136849,0.39515179421039176,0.902603175492208,1.0,1.0,4.180905198216598,3.6778992544941866,7.43866247901894,6.734414153850894,-0.03989724985321827,-0.07776175602158936,-0.03127734735793394,-0.03320292985698595,-0.010991721945071479,0.3615238754825173,0.9873886897287647,0.6426304993603017,0.0,0.0,0.0,0.0,0.0,0.0,0.0,0.0
0.9885633870494568,0.5739597049396379,1.0024363703625692,1.0125275282645818,-0.017108211339806126,0.22972781018406735,0.11639080854385027,0.6739696890467597,1.0,1.0,4.651671657229452,3.8197254532362095,7.579586180978177,7.130023856399161,0.02353684699142978,-0.0585555697779406,-0.02109367841059875,-0.03795994623486845,-0.05523517211143522,0.14090883194735263,1.05621420550608,0.8389109829028905,0.019130351982152304,0.0,0.009565175991076152,0.0,0.009565175991076152,0.0,0.009565175991076152,0.0
1.0558399743551885,0.8355216783346571,1.0009455873536572,1.0057831404343127,0.07074664566950567,0.060912532110171634,-0.055435385848747076,0.39515179421039176,1.0,1.0,4.870334609889763,4.180905198216598,7.504974365592104,7.43866247901894,0.6246311299599882,-0.03989724985321827,-0.012186321400346884,-0.03127734735793394,0.171035040394454,-0.010991721945071479,1.0728294410444532,0.9873886897287647,0.25510521548559684,0.0,0.12755260774279842,0.0,0.12755260774279842,0.0,0.12755260774279842,0.0
1.0717593474653613,0.9885633870494568,1.000252994730261,1.0024363703625692,0.2848829447580151,-0.017108211339806126,-0.11833623973048579,0.11639080854385027,1.0,1.0,4.814925276018469,4.651671657229452,7.2706162732984065,7.579586180978177,1.6793239370572515,0.02353684699142978,-0.006263764132290876,-0.02109367841059875,0.5930010889103876,-0.05523517211143522,1.0638462088662126,1.05621420550608,0.6628580671786299,0.019130351982152304,0.3218638575982389,0.009565175991076152,0.3218638575982389,0.009565175991076152,0.3218638575982389,0.009565175991076152
1.061136313685382,1.0558399743551885,1.0,1.0009455873536572,0.5690588521729545,0.07074664566950567,-0.11823909266623316,-0.055435385848747076,1.0,1.0,4.691493522581576,4.870334609889763,6.8497437790596845,7.504974365592104,2.799887882185138,0.6246311299599882,-0.00289157021715633,-0.012186321400346884,0.9192746361537946,0.171035040394454,1.0458824452986086,1.0728294410444532,0.9680486516695594,0.25510521548559684,0.35647171809198125,0.12755260774279842,0.35647171809198125,0.12755260774279842,0.35647171809198125,0.12755260774279842
1.041807864725806,1.0717593474653613,1.0,1.000252994730261,0.8496289327452752,0.2848829447580151,-0.09216884186012561,-0.11833623973048579,0.9808696480178477,1.0,4.583971905096891,4.814925276018469,6.328387309407432,7.2706162732984065,3.7482861784028323,1.6793239370572515,-0.0012181851812845448,-0.006263764132290876,1.0800717303790015,0.5930010889103876,1.0284491303590437,1.0638462088662126,1.10973904591933,0.6628580671786299,0.2425708413525022,0.3218638575982389,0.2234404893703499,0.3218638575982389,0.2234404893703499,0.3218638575982389
1.0243726428006936,1.061136313685382,1.0,1.0,0.9137504738421027,0.5690588521729545,-0.061433130592940366,-0.11823909266623316,0.7448947845144032,1.0,4.404041956887141,4.691493522581576,5.862670670131853,6.8497437790596845,4.058278205180036,2.799887882185138,-0.0004727936768286113,-0.00289157021715633,1.1286898157640888,0.9192746361537946,1.015550685294332,1.0458824452986086,1.1447132947352494,0.9680486516695594,0.3434375370184418,0.35647171809198125,0.08833232153284491,0.35647171809198125,0.08833232153284491,0.35647171809198125
1.0125275282645818,1.041807864725806,1.0,1.0,0.7892434275489326,0.8496289327452752,-0.03605757703774959,-0.09216884186012561,0.33714193282137006,0.9808696480178477,4.177578455751058,4.583971905096891,5.500637428991479,6.328387309407432,3.820222561840644,3.7482861784028323,0.00943867862594563,-0.0012181851812845448,1.1197044789583275,1.0800717303790015,1.0076084466787059,1.0284491303590437,1.1274394230021638,1.10973904591933,0.6621430797289709,0.2425708413525022,0.00885018854141708,0.2234404893703499,0.00885018854141708,0.2234404893703499
1.0057831404343127,1.0243726428006936,1.0,1.0,0.758403010680267,0.9137504738421027,-0.018915049188316765,-0.061433130592940366,0.03195134833044062,0.7448947845144032,4.131638777415231,4.404041956887141,5.204556054176534,5.862670670131853,3.4784335169263567,4.058278205180036,0.12755260774279842,-0.0004727936768286113,1.0884005267032322,1.1286898157640888,1.003364363893985,1.015550685294332,1.091764890597217,1.1447132947352494,0.814021841857745,0.3434375370184418,-0.026474202069016062,0.08833232153284491,-0.026474202069016062,0.08833232153284491
1.0024363703625692,1.0125275282645818,1.0,1.0,0.8673836699433607,0.7892434275489326,-0.00895312922512101,-0.03605757703774959,-0.10973904591932976,0.33714193282137006,4.283675810791456,4.177578455751058,4.960502255182643,5.500637428991479,3.242796092361287,3.820222561840644,0.3218638575982389,0.00943867862594563,1.0555535781716723,1.1197044789583275,1.0013446825464152,1.0076084466787059,1.0568982607180872,1.1274394230021638,0.7334742551969002,0.6621430797289709,-0.035270581142038314,0.00885018854141708,-0.035270581142038314,0.00885018854141708
1.0009455873536572,1.0057831404343127,1.0,1.0,0.9726280153832669,0.758403010680267,-0.003837157570813552,-0.018915049188316765,-0.14471329473524921,0.03195134833044062,4.658423730123219,4.131638777415231,4.837249038259704,5.204556054176534,3.3257926831178324,3.4784335169263567,0.35647171809198125,0.12755260774279842,1.0306285769118348,1.0884005267032322,1.0004727936768287,1.003364363893985,1.0311013705886638,1.091764890597217,0.5028046011533944,0.814021841857745,-0.030331760004276724,-0.026474202069016062,-0.030331760004276724,-0.026474202069016062
1.000252994730261,1.0024363703625692,1.0,1.0,1.027080891131202,0.8673836699433607,-0.0014711799115455899,-0.00895312922512101,-0.12743942300216393,-0.10973904591932976,5.158780470407544,4.283675810791456,4.826722228863797,4.960502255182643,3.6205475646828216,3.242796092361287,0.2234404893703499,0.3218638575982389,1.0150903959922812,1.0555535781716723,1.0001264973651307,1.0013446825464152,1.015216893357412,1.0568982607180872,0.2298653587639225,0.7334742551969002,-0.02084068368033771,-0.035270581142038314,-0.02084068368033771,-0.035270581142038314
1.0,1.0009455873536572,1.0,1.0,1.0453892512573328,0.9726280153832669,-0.0004727936768286113,-0.003837157570813552,-0.0917648905972171,-0.14471329473524921,5.619656684941046,4.658423730123219,4.974847780593917,4.837249038259704,3.429547205454069,3.3257926831178324,0.08833232153284491,0.35647171809198125,1.00672872778797,1.0306285769118348,1.0,1.0004727936768287,1.00672872778797,1.0311013705886638,0.15075020373726436,0.5028046011533944,-0.012186321400346884,-0.030331760004276724,-0.012186321400346884,-0.030331760004276724
1.0,1.000252994730261,1.0,1.0,1.0442237103671592,1.027080891131202,-0.00012649736513052262,-0.0014711799115455899,-0.037767908735934996,-0.12743942300216393,5.946651444861301,5.158780470407544,5.25139414379859,4.826722228863797,2.7758037555943282,3.6205475646828216,0.027980540523569384,0.2234404893703499,1.0026893650928301,1.0150903959922812,1.0,1.0001264973651307,1.0026893650928301,1.015216893357412,0.2539091197232884,0.2298653587639225,-0.006263764132290876,-0.02084068368033771,-0.006263764132290876,-0.02084068368033771
1.0,1.0,1.0,1.0,1.0341689175750903,1.0453892512573328,0.0,-0.0004727936768286113,0.22400384489693326,-0.0917648905972171,5.775938763669082,5.619656684941046,5.798047497005436,4.974847780593917,2.445076896359162,3.429547205454069,0.22863101341658082,0.08833232153284491,1.0009455873536572,1.00672872778797,1.0,1.0,1.0009455873536572,1.00672872778797,0.2664424257972554,0.15075020373726436,-0.00289157021715633,-0.012186321400346884,-0.00289157021715633,-0.012186321400346884
1.0,1.0,1.0,1.0,1.0127466876008073,1.0442237103671592,0.0,-0.00012649736513052262,0.647641173821218,-0.037767908735934996,5.170475327544786,5.946651444861301,6.519848360222976,5.25139414379859,2.5315735114763918,2.7758037555943282,0.6180223100455154,0.027980540523569384,0.9811226427481088,1.0026893650928301,1.0,1.0,0.9811226427481088,1.0026893650928301,0.14527035568635163,0.2539091197232884,-0.0012181851812845448,-0.006263764132290876,-0.0012181851812845448,-0.006263764132290876
1.0,1.0,1.0,1.0,0.885106507334377,1.0341689175750903,0.0,0.0,0.9613199238815895,0.22400384489693326,4.214024450889656,5.775938763669082,7.132121596072789,5.798047497005436,2.3824187828103986,2.445076896359162,0.8101642839224842,0.22863101341658082,0.7448947845144032,1.0009455873536572,1.0,1.0,0.7448947845144032,1.0009455873536572,0.03315512505104582,0.2664424257972554,-0.0004727936768286113,-0.00289157021715633,-0.0004727936768286113,-0.00289157021715633
1.0,1.0,1.0,1.0,0.6653960519170303,1.0127466876008073,0.0,0.0,1.1070496808264996,0.647641173821218,3.155687385097358,5.170475327544786,7.540986014022933,6.519848360222976,1.9438570148409342,2.5315735114763918,0.7670345046407532,0.6180223100455154,0.33714193282137006,0.9811226427481088,1.0,1.0,0.33714193282137006,0.9811226427481088,-0.024644520768632897,0.14527035568635163,-0.00012649736513052262,-0.0012181851812845448,-0.00012649736513052262,-0.0012181851812845448
1.0,1.0,1.0,1.0,0.3913146366395782,0.885106507334377,0.0,0.0,1.143767707381592,0.9613199238815895,2.681813356148033,4.214024450889656,7.615586947922651,7.132121596072789,1.9219241424998779,2.3824187828103986,0.7760552552429212,0.8101642839224842,0.03195134833044062,0.7448947845144032,1.0,1.0,0.03195134833044062,0.7448947845144032,-0.0444436639036756,0.03315512505104582,0.0,-0.0004727936768286113,0.0,-0.0004727936768286113
1.0,1.0,1.0,1.0,0.11491962863230468,0.6653960519170303,0.0,0.0,1.1271864282719029,1.1070496808264996,2.806670225725541,3.155687385097358,7.422447222338942,7.540986014022933,2.3391549800999383,1.9438570148409342,0.8786048175173709,0.7670345046407532,-0.10973904591932976,0.33714193282137006,1.0,1.0,-0.09060869393717746,0.33714193282137006,-0.024840363654745973,-0.024644520768632897,0.0,-0.00012649736513052262,0.0,-0.00012649736513052262
1.0,1.0,1.0,1.0,-0.05590817952557569,0.3913146366395782,0.0,0.0,1.091764890597217,1.143767707381592,3.191279540805164,2.681813356148033,6.9859523335605775,7.615586947922651,2.516188697123728,1.9219241424998779,0.745435783361619,0.7760552552429212,-0.14471329473524921,0.03195134833044062,1.0,1.0,0.11039192075034768,0.03195134833044062,0.22093629791050662,-0.0444436639036756,0.0,0.0,0.0,0.0
1.0,1.0,1.0,1.0,-0.1184627370956163,0.11491962863230468,0.0,0.0,1.0568982607180872,1.1271864282719029,3.6113661515638524,2.806670225725541,6.457951813735646,7.422447222338942,2.3397452062932125,2.3391549800999383,0.3839718198167557,0.8786048175173709,-0.12743942300216393,-0.10973904591932976,1.0,1.0,0.5354186441764661,-0.09060869393717746,0.6405462035867466,-0.024840363654745973,0.0,0.0,0.0,0.0
1.0,1.0,1.0,1.0,-0.11823909266623316,-0.05590817952557569,0.0,0.0,1.0311013705886638,1.091764890597217,3.9028657347402413,3.191279540805164,6.310598781524002,6.9859523335605775,2.1299634569038703,2.516188697123728,0.08905412731129171,0.745435783361619,-0.0917648905972171,-0.14471329473524921,1.0,1.0,0.8762837610723424,0.11039192075034768,0.9553895365923839,0.22093629791050662,0.0,0.0,0.0,0.0
1.0,1.0,1.0,1.0,-0.09216884186012561,-0.1184627370956163,0.0,0.0,1.015216893357412,1.0568982607180872,4.037719585775137,3.6113661515638524,6.5420184626997955,6.457951813735646,2.0348593833820265,2.3397452062932125,-0.04981289279393393,0.3839718198167557,-0.056898260718087304,-0.12743942300216393,1.0,1.0,1.0528407852012425,0.5354186441764661,1.1033487844219083,0.6405462035867466,0.0,0.0,0.0,0.0
1.0,1.0,1.0,1.0,-0.061433130592940366,-0.11823909266623316,0.0,0.0,1.00672872778797,1.0311013705886638,3.96474589103959,3.9028657347402413,6.803569482288817,6.310598781524002,2.3337773615866317,2.1299634569038703,0.019899800799795836,0.08905412731129171,-0.03110137058866365,-0.0917648905972171,1.0,1.0,1.1136119241465856,0.8762837610723424,1.1418217245180928,0.9553895365923839,0.0,0.0,0.0,0.0
1.0,1.0,1.0,1.0,-0.016927225055597288,-0.09216884186012561,0.0,0.0,1.0026893650928301,1.015216893357412,3.7739779536230684,4.037719585775137,6.946489132259051,6.5420184626997955,2.8837272244837213,2.0348593833820265,0.21795448336924275,-0.04981289279393393,0.003913458624740419,-0.056898260718087304,0.9904348240089238,1.0,1.112222529644752,1.0528407852012425,1.1166560618298031,1.1033487844219083,0.019130351982152304,0.0,0.0,0.0
1.0,1.0,1.0,1.0,0.23619016629728012,-0.061433130592940366,0.0,0.0,1.0009455873536572,1.00672872778797,3.833188868931664,3.96474589103959,6.787075248282575,6.803569482288817,2.760049599747828,2.3337773615866317,0.27783873624876826,0.019899800799795836,0.248376487697627,-0.03110137058866365,0.8724473922572016,1.0,1.0850361628092473,1.1136119241465856,0.9637394891775901,1.1418217245180928,0.25510521548559684,0.0,0.0,0.0
1.0,1.0,1.0,1.0,0.653904937953509,-0.016927225055597288,0.0,0.0,1.000252994730261,1.0026893650928301,4.155461521645445,3.7739779536230684,6.401798823068548,6.946489132259051,1.969609427341466,2.8837272244837213,0.17305898751481452,0.21795448336924275,0.6601687020857998,0.003913458624740419,0.668570966410685,0.9904348240089238,1.054208895625257,1.112222529644752,0.734907905754718,1.1166560618298031,0.6437277151964778,0.019130351982152304,0.0,0.0
1.0,1.0,1.0,1.0,0.9642114940987458,0.23619016629728012,0.0,0.0,1.0,1.0009455873536572,4.543632850419721,3.833188868931664,6.089723298121838,6.787075248282575,1.2745216529917807,2.760049599747828,0.060122521161337594,0.27783873624876826,0.9671030643159022,0.248376487697627,0.5159756741652204,0.8724473922572016,1.0301557832350063,1.0850361628092473,0.6746296524966825,0.9637394891775901,0.7129434361839625,0.25510521548559684,0.0,0.0
1.0,1.0,1.0,1.0,1.098702690016708,0.653904937953509,0.0,0.0,1.0,1.000252994730261,4.9063705423007296,4.155461521645445,5.921158960268985,6.401798823068548,0.9052491818913633,1.969609427341466,-0.005148519634710259,0.17305898751481452,1.1094860511890687,0.6601687020857998,0.44513047704033515,0.668570966410685,1.0149638986271508,1.054208895625257,0.7917764039870621,0.734907905754718,0.4660113307228521,0.6437277151964778,0.0,0.0
1.0,1.0,1.0,1.0,1.0166878933156223,0.9642114940987458,0.0,0.0,1.0,1.0,5.342270342004659,4.543632850419721,5.751633946645818,6.089723298121838,0.7705537523002186,1.2745216529917807,-0.03273013618015733,0.060122521161337594,1.1447132947352494,0.9671030643159022,0.42764335263237546,0.5159756741652204,1.00672872778797,1.0301557832350063,0.918396406255125,0.6746296524966825,0.4317698585512867,0.7129434361839625,0.0,0.0
1.0,1.0,1.0,1.0,0.8054490680387947,1.098702690016708,0.0,0.0,1.0,1.0,5.808750384067015,4.9063705423007296,5.543967398316896,5.921158960268985,0.7644389605742826,0.9052491818913633,-0.037833448869737926,-0.005148519634710259,1.1274394230021638,1.1094860511890687,0.4362802884989181,0.44513047704033515,1.0026893650928301,1.0149638986271508,0.9747088245692608,0.7917764039870621,0.6805584442614642,0.4660113307228521,0.0,0.0
1.0,1.0,1.0,1.0,0.7352931725052358,1.0166878933156223,0.0,0.0,1.0,1.0,5.9895396902741,5.342270342004659,5.302441316259518,5.751633946645818,0.8162942420362955,0.7705537523002186,-0.03127734735793394,-0.03273013618015733,1.091764890597217,1.1447132947352494,0.4541175547013915,0.42764335263237546,1.0009455873536572,1.00672872778797,0.7723145739370765,0.918396406255125,0.9151002475315273,0.4317698585512867,0.0,0.0
1.0,1.0,1.0,1.0,0.8334577713477374,0.8054490680387947,0.0,0.0,1.0,1.0,5.901011211226685,5.808750384067015,5.078369905077654,5.543967398316896,0.8803266935106386,0.7644389605742826,-0.02109367841059875,-0.037833448869737926,1.0568982607180872,1.1274394230021638,0.4715508696409564,0.4362802884989181,1.000252994730261,1.0026893650928301,0.3917958606758217,0.9747088245692608,1.029632707644177,0.6805584442614642,0.0,0.0
1.0,1.0,1.0,1.0,0.9427690490558188,0.7352931725052358,0.0,0.0,1.0,1.0,5.861861028636556,5.9895396902741,5.168568459048187,5.302441316259518,0.9323396652102958,0.8162942420362955,-0.012186321400346884,-0.03127734735793394,1.0311013705886638,1.091764890597217,0.4844493147056682,0.4541175547013915,1.0,1.0009455873536572,0.31738832382031423,0.7723145739370765,0.9564971669838973,0.9151002475315273,0.0,0.0
1.0,1.0,1.0,1.0,1.0063667048159948,0.8334577713477374,0.0,0.0,1.0,1.0,5.95588545079293,5.901011211226685,5.5293049340907325,5.078369905077654,0.9659918142457156,0.8803266935106386,-0.006263764132290876,-0.02109367841059875,1.015216893357412,1.0568982607180872,0.4923915533212941,0.4715508696409564,1.0,1.000252994730261,0.5739597049396379,0.3917958606758217,0.7447638460610974,1.029632707644177,0.0,0.0
1.0,1.0,1.0,1.0,1.0332029298569858,0.9427690490558188,0.0,0.0,1.0,1.0,6.152791796212644,5.861861028636556,5.843080831215357,5.168568459048187,0.9845965615605612,0.9323396652102958,-0.00289157021715633,-0.012186321400346884,1.00672872778797,1.0311013705886638,0.496635636106015,0.4844493147056682,1.0,1.0,0.8355216783346571,0.31738832382031423,0.45581531421894517,0.9564971669838973,0.0,0.0
1.0,1.0,1.0,1.0,1.0283947702437923,1.0063667048159948,0.0,0.0,1.0,1.0,6.408778772154544,5.95588545079293,6.034011190948527,5.5293049340907325,0.9936560793633162,0.9659918142457156,-0.0012181851812845448,-0.006263764132290876,1.0026893650928301,1.015216893357412,0.49865531745358493,0.4923915533212941,1.0,1.0,0.9789982110583806,0.5739597049396379,0.16763735189560186,0.7447638460610974,0.0,0.0
1.0,1.0,1.0,1.0,0.9037247396151356,1.0332029298569858,0.0,0.0,1.0,1.0,6.801015065225698,6.152791796212644,6.337439792274249,5.843080831215357,0.997636031615857,0.9845965615605612,-0.0004727936768286113,-0.00289157021715633,1.0009455873536572,1.00672872778797,0.4995272063231714,0.496635636106015,1.0,1.0,0.9282873666123901,0.8355216783346571,0.09648986469474513,0.45581531421894517,0.0,0.0
1.0,1.0,1.0,1.0,0.69922982081236,1.0283947702437923,0.0,0.0,1.0,1.0,7.231552037950117,6.408778772154544,6.76355209440386,6.034011190948527,0.9993675131743474,0.9936560793633162,-0.00012649736513052262,-0.0012181851812845448,1.000252994730261,1.0026893650928301,0.4998735026348695,0.49865531745358493,1.0,1.0,0.7403303138760462,0.9789982110583806,0.21605514613233479,0.16763735189560186,0.0,0.0
1.0,1.0,1.0,1.0,0.6557146033083656,0.9037247396151356,0.0,0.0,1.0,1.0,7.067728149535066,6.801015065225698,7.168451100821258,6.337439792274249,1.0,0.997636031615857,0.0,-0.0004727936768286113,1.0,1.0009455873536572,0.5,0.4995272063231714,1.0,1.0,0.5771119878506024,0.9282873666123901,0.24401576586006074,0.09648986469474513,0.0,0.0
1.0,1.0,1.0,1.0,0.782823274761941,0.69922982081236,0.0,0.0,1.0,1.0,6.390529521183602,7.231552037950117,7.4891132110016105,6.76355209440386,1.0,0.9993675131743474,0.0,-0.00012649736513052262,1.0,1.000252994730261,0.5,0.4998735026348695,1.0,1.0,0.4965035177572172,0.7403303138760462,0.1337080178727934,0.21605514613233479,0.0,0.0
1.0,1.0,1.0,1.0,0.9145592486843115,0.6557146033083656,0.0,0.0,1.0,1.0,6.022735560934341,7.067728149535066,7.6560018335878794,7.168451100821258,1.0,1.0,0.0,0.0,1.0,1.0,0.5,0.5,1.0,1.0,0.5795686031758676,0.5771119878506024,0.027844778293561773,0.24401576586006074,0.0,0.0
1.0,1.0,1.0,1.0,0.9828028206487913,0.782823274761941,0.0,0.0,1.0,1.0,6.057959407608349,6.390529521183602,7.696054659407695,7.4891132110016105,1.0191303519821524,1.0,0.009565175991076152,0.0,0.9808696480178477,1.0,0.5095651759910762,0.5,0.9808696480178477,1.0,0.7611064983706626,0.4965035177572172,-0.026954393766071463,0.1337080178727934,0.0,0.0
1.0,1.0,1.0,1.0,0.8993943880030462,0.9145592486843115,0.0,0.0,1.0,1.0,5.651066169593774,6.022735560934341,7.670377472075983,7.6560018335878794,1.2551052154855968,1.0,0.12755260774279842,0.0,0.7448947845144032,1.0,0.6275526077427984,0.5,0.7448947845144032,1.0,0.688819805484887,0.5795686031758676,-0.04538925125733283,0.027844778293561773,0.0,0.0
1.0,1.0,1.0,1.0,0.71353322090893,0.9828028206487913,0.0,0.0,1.0,1.0,4.7347443965732765,6.057959407608349,7.613615663955793,7.696054659407695,1.66285806717863,1.0191303519821524,0.3218638575982389,0.009565175991076152,0.33714193282137006,0.9808696480178477,0.831429033589315,0.5095651759910762,0.33714193282137006,0.9808696480178477,0.36599869578456035,0.7611064983706626,-0.04422371036715932,-0.026954393766071463,0.0,0.0
1.0,1.0,1.0,1.0,0.6738600419122955,0.8993943880030462,0.0,0.0,1.0,1.0,3.6933425892979987,5.651066169593774,7.450376795498131,7.670377472075983,1.9680486516695592,1.2551052154855968,0.35647171809198125,0.12755260774279842,0.03195134833044062,0.7448947845144032,0.9840243258347796,0.6275526077427984,0.03195134833044062,0.7448947845144032,0.08970289775739063,0.688819805484887,-0.034168917575090274,-0.04538925125733283,0.0,0.0
1.0,1.0,1.0,1.0,0.7974001943099879,0.71353322090893,0.0,0.0,1.0,1.0,2.7616962592686773,4.7347443965732765,7.222055160848478,7.613615663955793,2.10973904591933,1.66285806717863,0.2234404893703499,0.3218638575982389,-0.10973904591932976,0.33714193282137006,1.0453043469685888,0.831429033589315,-0.10973904591932976,0.33714193282137006,-0.0533747863666927,0.36599869578456035,-0.022311863591883297,-0.04422371036715932,0.0,0.0
1.0,1.0,1.0,1.0,0.923853999867502,0.6738600419122955,0.0,0.0,1.0,1.0,2.2229074565422264,3.6933425892979987,7.16580769499032,7.450376795498131,2.144713294735249,1.9680486516695592,0.08833232153284491,0.35647171809198125,-0.14471329473524921,0.03195134833044062,0.9448040396248262,0.9840243258347796,-0.14471329473524921,0.03195134833044062,-0.10219521333062562,0.08970289775739063,-0.012659115077175495,-0.034168917575090274,0.0,0.0
1.0,1.0,1.0,1.0,0.9974135755908738,0.7974001943099879,0.0,0.0,0.9904348240089238,1.0,2.0460732100768197,2.7616962592686773,7.267726970419034,7.222055160848478,2.13700459899324,2.10973904591933,0.027980540523569384,0.2234404893703499,-0.12743942300216393,-0.10973904591932976,0.741855853902843,1.0453043469685888,-0.12743942300216393,-0.10973904591932976,-0.10033497518953535,-0.0533747863666927,-0.006390261497421398,-0.022311863591883297,0.0,0.0
1.0,1.0,1.0,1.0,1.0293657722861722,0.923853999867502,0.0,0.0,0.8724473922572016,1.0,2.0721073337704645,2.2229074565422264,7.160872414229201,7.16580769499032,2.2193174983400157,2.144713294735249,0.22863101341658082,0.08833232153284491,-0.0917648905972171,-0.14471329473524921,0.6894107272066274,0.9448040396248262,-0.0917648905972171,-0.14471329473524921,-0.07668699897971389,-0.10219521333062562,-0.00289157021715633,-0.012659115077175495,0.0,0.0
1.0,1.0,1.0,1.0,1.0364887663233229,0.9974135755908738,0.0,0.0,0.6781361424017611,0.9904348240089238,2.1671211956124723,2.0460732100768197,6.810759069574478,7.267726970419034,2.3787621183163266,2.13700459899324,0.6084571340544394,0.027980540523569384,-0.056898260718087304,-0.12743942300216393,0.7954434649976176,0.741855853902843,-0.056898260718087304,-0.12743942300216393,-0.04941631140451187,-0.10033497518953535,-0.0012181851812845448,-0.006390261497421398,0.0,0.0
1.0,1.0,1.0,1.0,1.0308045536811052,1.0293657722861722,0.0,0.0,0.6435282819080188,0.8724473922572016,2.161884182970372,2.0721073337704645,6.303793128590689,7.160872414229201,2.3875730886806448,2.2193174983400157,0.6826116761796859,0.22863101341658082,-0.03110137058866365,-0.0917648905972171,0.7996657560186885,0.6894107272066274,-0.03110137058866365,-0.0917648905972171,-0.02773700669467871,-0.07668699897971389,-0.0004727936768286113,-0.00289157021715633,0.0,0.0
1.0,1.0,1.0,1.0,1.0209671810454681,1.0364887663233229,0.0,0.0,0.7765595106296501,0.6781361424017611,2.0569298935634084,2.1671211956124723,5.772365141400286,6.810759069574478,2.238657382727762,2.3787621183163266,0.4260402950603621,0.6084571340544394,-0.015216893357411885,-0.056898260718087304,0.67689440053905,0.7954434649976176,-0.015216893357411885,-0.056898260718087304,-0.013872210810996818,-0.04941631140451187,-0.00012649736513052262,-0.0012181851812845448,0.0,0.0
1.0,1.0,1.0,1.0,1.0121863214003468,1.0308045536811052,0.0,0.0,0.9116676784671551,0.6435282819080188,2.0809999939087556,2.161884182970372,5.545122421342267,6.303793128590689,2.0950610493208153,2.3875730886806448,0.16447832166534293,0.6826116761796859,-0.0067287277879698815,-0.03110137058866365,0.6733668478710197,0.7996657560186885,-0.0067287277879698815,-0.03110137058866365,-0.006255934111141271,-0.02773700669467871,0.0,-0.0004727936768286113,0.0,0.0
1.0,1.0,1.0,1.0,0.9871334121501386,1.0209671810454681,0.0,0.0,0.9815846354675068,0.7765595106296501,2.247263752591718,2.0569298935634084,5.595960896366007,5.772365141400286,2.0115395536342473,2.238657382727762,0.011436612950543285,0.4260402950603621,-0.0026893650928301346,-0.015216893357411885,0.8131747743181035,0.67689440053905,0.01644098688932217,-0.015216893357411885,0.016567484254452692,-0.013872210810996818,0.0,-0.00012649736513052262,0.0,0.0
1.0,1.0,1.0,1.0,0.7477863547315594,1.0121863214003468,0.0,0.0,0.8989215943262177,0.9116676784671551,2.3992106184010575,2.0809999939087556,5.504627246417064,5.545122421342267,1.9744713852846414,2.0950610493208153,-0.05583997435518845,0.16447832166534293,-0.0009455873536572226,-0.0067287277879698815,0.9424722321482605,0.6733668478710197,0.25415962813193965,-0.0067287277879698815,0.25415962813193965,-0.006255934111141271,0.0,0.0,0.0,0.0
1.0,1.0,1.0,1.0,0.33836011800265453,0.9871334121501386,0.0,0.0,0.7134067235437995,0.9815846354675068,2.486483276993685,2.247263752591718,5.2235027121841515,5.595960896366007,1.9649824135882228,2.0115395536342473,-0.07175934746536117,0.011436612950543285,-0.00025299473026104525,-0.0026893650928301346,1.0121169925040512,0.8131747743181035,0.662605072448369,0.01644098688932217,0.662605072448369,0.016567484254452692,0.0,0.0,0.0,0.0
1.0,1.0,1.0,1.0,0.03242414200726922,0.7477863547315594,0.0,0.0,0.6738600419122955,0.8989215943262177,2.52505582103853,2.3992106184010575,5.11188591247214,5.504627246417064,1.9696682399957233,1.9744713852846414,-0.061136313685382054,-0.05583997435518845,0.0,-0.0009455873536572226,1.0386605234693629,0.9424722321482605,0.9680486516695594,0.25415962813193965,0.9680486516695594,0.25415962813193965,0.0,0.0,0.0,0.0
1.0,1.0,1.0,1.0,-0.10961254855419925,0.33836011800265453,0.0,0.0,0.7974001943099879,0.7134067235437995,2.5348910890466465,2.486483276993685,5.204947554285776,5.2235027121841515,1.9791593163196621,1.9649824135882228,-0.04180786472580593,-0.07175934746536117,0.0,-0.00025299473026104525,1.031969169283253,1.0121169925040512,1.0906086939371775,0.662605072448369,1.0906086939371775,0.662605072448369,0.0,0.0,0.0,0.0
1.0,1.0,1.0,1.0,-0.14471329473524921,0.03242414200726922,0.0,0.0,0.923853999867502,0.6738600419122955,2.5303317600042767,2.52505582103853,5.220283563955536,5.11188591247214,1.987813678599653,1.9696682399957233,-0.024372642800693768,-0.061136313685382054,0.0,0.0,0.9056707224786347,1.0386605234693629,0.8896080792496524,0.9680486516695594,0.8896080792496524,0.9680486516695594,0.0,0.0,0.0,0.0
1.0,1.0,1.0,1.0,-0.12743942300216393,-0.10961254855419925,0.0,0.0,0.9974135755908738,0.7974001943099879,2.530405859671414,2.5348910890466465,5.116235611633195,5.204947554285776,1.993736235867709,1.9791593163196621,-0.012527528264581752,-0.04180786472580593,0.0,0.0,0.7001950112633835,1.031969169283253,0.48371170780568623,1.0906086939371775,0.48371170780568623,1.0906086939371775,0.0,0.0,0.009565175991076152,0.0
1.0,1.0,1.0,1.0,-0.0917648905972171,-0.14471329473524921,0.0,0.0,1.0293657722861722,0.923853999867502,2.6397389291431455,2.5303317600042767,5.131996408831132,5.220283563955536,1.9971084297828439,1.987813678599653,-0.00578314043431266,-0.024372642800693768,0.0,0.0,0.6561873969851943,0.9056707224786347,0.3788214544132546,0.8896080792496524,0.3788214544132546,0.8896080792496524,0.0,0.0,0.12755260774279842,0.0
1.0,1.0,1.0,1.0,-0.056898260718087304,-0.12743942300216393,0.0,0.0,1.0364887663233229,0.9974135755908738,2.8376927977216058,2.530405859671414,5.278481872277184,5.116235611633195,1.9987818148187155,1.993736235867709,-0.0024363703625690895,-0.012527528264581752,0.0,0.0,0.7829497721270715,0.7001950112633835,0.6100172819773875,0.48371170780568623,0.6004521059863114,0.48371170780568623,0.0,0.0,0.3218638575982389,0.009565175991076152
1.0,1.0,1.0,1.0,-0.03110137058866365,-0.0917648905972171,0.0,0.0,1.0308045536811052,1.0293657722861722,2.986915896051936,2.6397389291431455,5.30131492197463,5.131996408831132,1.9995272063231715,1.9971084297828439,-0.0009455873536572226,-0.00578314043431266,0.0,0.0,0.9145592486843115,0.6561873969851943,0.8544367275229738,0.3788214544132546,0.7268841197801754,0.3788214544132546,0.0,0.0,0.35647171809198125,0.12755260774279842
1.0,1.0,1.0,1.0,-0.015216893357411885,-0.056898260718087304,0.0,0.0,1.0209671810454681,1.0364887663233229,3.0656528841320254,2.8376927977216058,5.18360987867813,5.278481872277184,1.9998735026348695,1.9987818148187155,-0.00025299473026104525,-0.0024363703625690895,0.0,0.0,0.9923679966398675,0.7829497721270715,0.9975165162745778,0.6100172819773875,0.6660874826852627,0.6004521059863114,0.0,0.0,0.2234404893703499,0.3218638575982389
1.0,1.0,1.0,1.0,-0.0067287277879698815,-0.03110137058866365,0.0,0.0,1.0121863214003468,1.0308045536811052,3.200382048787252,2.986915896051936,5.1792972351602256,5.30131492197463,2.0,1.9995272063231715,0.0,-0.0009455873536572226,0.0,0.0,1.0269469957458446,0.9145592486843115,1.0596771319260019,0.8544367275229738,0.5756528060912223,0.7268841197801754,0.0,0.0,0.08833232153284491,0.35647171809198125
1.0,1.0,1.0,1.0,-0.0026893650928301346,-0.015216893357411885,0.0,0.0,1.006263764132291,1.0209671810454681,3.4048404184466037,3.0656528841320254,5.316875670722695,5.18360987867813,2.0,1.9998735026348695,0.0,-0.00025299473026104525,0.0,0.0,1.0353970785071689,0.9923679966398675,1.0732305273769067,0.9975165162745778,0.527926180408318,0.6660874826852627,0.0,0.0,0.00885018854141708,0.2234404893703499
1.0,1.0,1.0,1.0,-0.0009455873536572226,-0.0067287277879698815,0.0,0.0,1.0028915702171561,1.0121863214003468,3.6574593788761867,3.200382048787252,5.44441821501176,5.1792972351602256,2.0,2.0,0.0,0.0,0.0,0.0,1.0303317600042767,1.0269469957458446,1.061609107362211,1.0596771319260019,0.6168050677373845,0.5756528060912223,0.0,0.0,-0.026474202069016062,0.08833232153284491
1.0,1.0,1.0,1.0,-0.00025299473026104525,-0.0026893650928301346,0.0,0.0,1.0012181851812847,1.006263764132291,3.8956173349258716,3.4048404184466037,5.513082182955076,5.316875670722695,2.0,2.0,0.0,0.0,0.0,0.0,1.0208406836803376,1.0353970785071689,1.022804010108784,1.0732305273769067,0.7905133321970171,0.527926180408318,0.0,0.0,-0.035270581142038314,0.00885018854141708
1.0,1.0,1.0,1.0,0.0,-0.0009455873536572226,0.0,0.0,1.0004727936768287,1.0028915702171561,3.8168264430111396,3.6574593788761867,5.539133317146192,5.44441821501176,2.0,2.0,0.0,0.0,0.0,0.0,1.0121863214003468,1.0303317600042767,0.7692674273150968,1.061609107362211,0.707409307851268,0.6168050677373845,0.0,0.0,-0.030331760004276724,-0.026474202069016062
1.0,1.0,1.0,1.0,0.0,-0.00025299473026104525,0.0,0.0,1.0001264973651307,1.0012181851812847,3.4824699659429754,3.8956173349258716,5.522530490657307,5.513082182955076,2.0,2.0,0.0,0.0,0.0,0.0,1.006263764132291,1.0208406836803376,0.36879981306810405,1.022804010108784,0.39522020566872534,0.7905133321970171,0.0,0.0,-0.02084068368033771,-0.035270581142038314
1.0,1.0,1.0,1.0,0.0,0.0,0.0,0.0,1.0,1.0004727936768287,3.4086600203762556,3.8168264430111396,5.278118114735837,5.539133317146192,2.0,2.0,0.0,0.0,0.0,0.0,1.0028915702171561,1.0121863214003468,0.29283970425035016,0.7692674273150968,0.34964566632364297,0.707409307851268,0.0,0.0,-0.012186321400346884,-0.030331760004276724
1.0,1.0,1.0,1.0,0.0,0.0,0.0,0.0,1.0,1.0001264973651307,3.6179370176926127,3.4824699659429754,4.859200801682992,5.522530490657307,2.0,2.0,0.0,0.0,0.0,0.0,1.0012181851812847,1.006263764132291,0.5555553916218693,0.36879981306810405,0.6116666564442453,0.39522020566872534,0.0,0.0,-0.006263764132290876,-0.02084068368033771
1.0,1.0,1.0,1.0,0.0,0.0,0.0,0.0,1.0,1.0,3.502583457975684,3.4086600203762556,4.544610463407617,5.278118114735837,2.0,2.0,0.0,0.0,0.0,0.0,1.0004727936768287,1.0028915702171561,0.8242809442879675,0.29283970425035016,0.866799025692591,0.34964566632364297,0.0,0.0,-0.00289157021715633,-0.012186321400346884
1.0,1.0,1.0,1.0,0.0,0.0,0.0,0.0,1.0,1.0,3.0146314205610247,3.6179370176926127,4.37752086359594,4.859200801682992,2.0,2.0,0.0,0.0,0.0,0.0,1.0001264973651307,1.0012181851812847,0.9634222656652746,0.5555553916218693,0.9905267134779032,0.6116666564442453,0.0,0.0,-0.0012181851812845448,-0.006263764132290876
1.0,1.0,1.0,1.0,0.0,0.0,0.0,0.0,1.0,1.0,2.4922378680792114,3.502583457975684,4.10307305999631,4.544610463407617,2.0,2.0,0.0,0.0,0.0,0.0,1.0,1.0004727936768287,0.7978431886524353,0.8242809442879675,0.8129210802699385,0.866799025692591,0.0,0.0,-0.0004727936768286113,-0.00289157021715633
1.0,1.0,1.0,1.0,0.0,0.0,0.0,0.0,1.0,1.0,2.083456689040888,3.0146314205610247,3.7109206950004907,4.37752086359594,2.0,2.0,0.0,0.0,0.0,0.0,0.9904348240089238,1.0001264973651307,0.40768309510544665,0.9634222656652746,0.41516504441902213,0.9905267134779032,0.0,0.0,-0.00012649736513052262,-0.0012181851812845448
1.0,1.0,1.0,1.0,0.0,0.0,0.0,0.0,1.0,1.0,1.8634064096417133,2.4922378680792114,3.440659251410052,4.10307305999631,2.0,2.0,0.0,0.0,0.0,0.0,0.8724473922572016,1.0,0.09261486833899407,0.7978431886524353,0.09597923223297901,0.8129210802699385,0.0,0.0,0.0,-0.0004727936768286113
1.0,1.0,1.0,1.0,0.0,0.0,0.0,0.0,1.0,1.0,1.787558713818234,2.083456689040888,3.352619542709866,3.7109206950004907,2.0,2.0,0.0,0.0,0.0,0.0,0.6781361424017611,0.9904348240089238,-0.06805767855865436,0.40768309510544665,-0.06671299601223928,0.41516504441902213,0.0,0.0,0.0,-0.00012649736513052262
1.0,1.0,1.0,1.0,0.0,0.0,0.0,0.0,1.0,1.0,1.6872888454712738,1.8634064096417133,3.579290550161684,3.440659251410052,2.0,2.0,0.0,0.0,0.0,0.0,0.6435282819080188,0.8724473922572016,-0.12034065193455545,0.09261486833899407,-0.11986785825772683,0.09597923223297901,0.0,0.0,0.0,0.0
1.0,1.0,1.0,1.0,0.0,0.0,0.0,0.0,1.0,1.0,1.5321578894621846,1.787558713818234,4.02976692681013,3.352619542709866,2.0,2.0,0.0,0.0,0.0,0.0,0.7765595106296501,0.6781361424017611,-0.11491189473758218,-0.06805767855865436,-0.11478539737245165,-0.06671299601223928,0.0,0.0,0.0,0.0
1.0,1.0,1.0,1.0,0.0,0.0,0.0,0.0,1.0,1.0,1.429224313417929,1.6872888454712738,4.497107641027171,3.579290550161684,2.0,2.0,0.0,0.0,0.0,0.0,0.9116676784671551,0.6435282819080188,-0.08598175016290444,-0.12034065193455545,-0.08598175016290444,-0.11986785825772683,0.0,0.0,0.0,0.0
0.9904348240089238,1.0,1.0,1.0,0.009565175991076152,0.0,0.0,0.0,1.0,1.0,1.3962923770077427,1.5321578894621846,4.891145629688804,4.02976692681013,2.0,2.0,0.0,0.0,0.0,0.0,0.9911498114585829,0.7765595106296501,-0.05446189035551821,-0.11491189473758218,-0.05446189035551821,-0.11478539737245165,0.0,0.0,0.0,0.0
0.8724473922572016,1.0,1.0,1.0,0.12755260774279842,0.0,0.0,0.0,1.0,1.0,1.402945163009746,1.429224313417929,5.224243270370506,4.497107641027171,2.0,2.0,0.0,0.0,0.0,0.0,1.026474202069016,0.9116676784671551,-0.03015578323500643,-0.08598175016290444,-0.03015578323500643,-0.08598175016290444,0.0,0.0,0.0,0.0
0.6781361424017611,0.9904348240089238,1.0,1.0,0.33142903358931497,0.009565175991076152,0.0,0.0,1.0,1.0,1.4535863168844565,1.3962923770077427,5.507833267454547,4.891145629688804,2.0,2.0,0.0,0.0,0.0,0.0,1.0352705811420384,0.9911498114585829,0.0041664533550014645,-0.05446189035551821,-0.014963898627150838,-0.05446189035551821,0.0,0.0,0.0,0.0
0.6435282819080188,0.8724473922572016,1.0,1.0,0.4840243258347797,0.12755260774279842,0.0,0.0,1.0,1.0,1.831992633005316,1.402945163009746,5.76896974375445,5.224243270370506,2.0,2.0,0.0,0.0,0.0,0.0,1.0303317600042767,1.026474202069016,0.248376487697627,-0.03015578323500643,-0.0067287277879698815,-0.03015578323500643,0.0,0.0,0.0,0.0
0.7765595106296501,0.6781361424017611,1.0,1.0,0.5453043469685888,0.33142903358931497,0.0,0.0,1.0,1.0,2.473678971758171,1.4535863168844565,6.023357515657471,5.507833267454547,2.038260703964305,2.0,0.019130351982152304,0.0,0.0,0.0,1.0112755076892617,1.0352705811420384,0.6506035260947236,0.0041664533550014645,-0.0026893650928301346,-0.014963898627150838,0.0,0.0,0.0,0.0
0.9116676784671551,0.6435282819080188,1.0,1.0,0.4448040396248262,0.4840243258347797,0.0,0.0,1.0,1.0,3.063602106275977,1.831992633005316,6.387524417221616,5.76896974375445,2.5102104309711937,2.0,0.25510521548559684,0.0,0.0,0.0,0.8846337136575484,1.0303317600042767,0.8395504565731037,0.248376487697627,-0.0009455873536572226,-0.0067287277879698815,0.0,0.0,0.0,0.0
0.9720194594764306,0.7765595106296501,0.9808696480178477,1.0,0.23229067791176697,0.5453043469685888,0.0,0.0,1.0,1.0,3.4978678344155494,2.473678971758171,6.805729978643419,6.023357515657471,3.2491947264286507,2.038260703964305,0.6437277151964778,0.019130351982152304,0.0,0.0,0.6652695545518997,1.0112755076892617,0.7684918416086776,0.6506035260947236,-0.00025299473026104525,-0.0026893650928301346,0.0,0.0,0.0,0.0
0.7713689865834192,0.9116676784671551,0.7448947845144032,1.0,0.06185811946382885,0.4448040396248262,0.0,0.0,1.0,1.0,3.825282511786467,3.063602106275977,6.853461941932498,6.387524417221616,2.915676441396731,2.5102104309711937,0.7129434361839625,0.25510521548559684,0.0,0.0,0.3913146366395782,0.8846337136575484,0.5331363611576712,0.8395504565731037,0.0,-0.0009455873536572226,0.0,0.0,0.0,0.0
0.37241251396340835,0.9720194594764306,0.35627228480352235,0.9808696480178477,-0.01685521660954508,0.23229067791176697,0.019130351982152304,0.0,1.0,1.0,4.076113008505811,3.4978678344155494,6.558912808363438,6.805729978643419,1.5680458231241396,3.2491947264286507,0.4468809787406998,0.6437277151964778,0.0,0.0,0.11491962863230468,0.6652695545518997,0.24114086645318406,0.7684918416086776,0.0,-0.00025299473026104525,0.0,0.0,0.0,0.0
0.06228310833471734,0.7713689865834192,0.2870565638160375,0.7448947845144032,0.07074664566950567,0.06185811946382885,0.25510521548559684,0.0,1.0,1.0,4.1935555154214015,3.825282511786467,6.369960332649072,6.853461941932498,0.4172319827922609,2.915676441396731,0.17666464306568982,0.7129434361839625,0.0,0.0,-0.05590817952557569,0.3913146366395782,0.035383917394812794,0.5331363611576712,0.0,0.0,0.0,0.0,0.0,0.0
-0.08889836223899206,0.37241251396340835,0.5531190212593002,0.35627228480352235,0.275317768766939,-0.01685521660954508,0.6628580671786299,0.019130351982152304,1.0,1.0,4.194244952181672,4.076113008505811,6.386784664986575,6.558912808363438,-0.18407733767299123,1.5680458231241396,0.01770037708283416,0.4468809787406998,0.0,0.0,-0.1184627370956163,0.11491962863230468,-0.052125797751583394,0.24114086645318406,0.0,0.0,0.0,0.0,0.0,0.0
-0.13252697333490235,0.06228310833471734,0.8233353569343103,0.2870565638160375,0.44150624443015607,0.07074664566950567,0.9680486516695594,0.25510521548559684,1.0,1.0,4.037338540806431,4.1935555154214015,6.450463764561894,6.369960332649072,-0.39532339774656267,0.4172319827922609,-0.052948404138032125,0.17666464306568982,0.0,0.0,-0.11823909266623316,-0.05590817952557569,0.04041488566522894,0.035383917394812794,0.0,0.0,0.0,0.0,0.0,0.0
-0.10204530688772076,-0.08889836223899206,0.9822996229171659,0.5531190212593002,0.5373302511381125,0.275317768766939,1.0906086939371775,0.6628580671786299,0.9904348240089238,1.0,3.8026955002890808,4.194244952181672,6.4647124592926115,6.386784664986575,-0.37683081859032885,-0.18407733767299123,-0.07054116228407663,0.01770037708283416,0.009565175991076152,0.0,-0.07303848987797332,-0.1184627370956163,0.2640422610776774,-0.052125797751583394,0.0,0.0,0.0,0.0,0.0,0.0
0.16623189510553613,-0.13252697333490235,1.0529484041380321,0.8233353569343103,0.6848313634929198,0.44150624443015607,0.8896080792496524,0.9680486516695594,0.8724473922572016,1.0,3.8426071119257124,4.037338540806431,6.13287246170149,6.450463764561894,-0.049751605725944184,-0.39532339774656267,-0.06066352000855345,-0.052948404138032125,0.12755260774279842,0.0,0.19367208489265653,-0.11823909266623316,0.5568725307726077,0.04041488566522894,0.0,0.0,0.0,0.0,0.0,0.0
0.6071779916418272,-0.10204530688772076,1.0705411622840766,0.9822996229171659,0.8781016197857454,0.5373302511381125,0.46458135582353394,1.0906086939371775,0.6590057904196088,0.9904348240089238,4.1480801688959605,3.8026955002890808,5.5196572472929315,6.4647124592926115,0.46569881102110455,-0.37683081859032885,-0.04168136736067542,-0.07054116228407663,0.33142903358931497,0.009565175991076152,0.6268004901408804,-0.07303848987797332,0.8529303446040604,0.2640422610776774,0.019130351982152304,0.0,0.009565175991076152,0.0,0.0,0.0
0.9374200747577245,0.16623189510553613,1.0606635200085535,1.0529484041380321,0.8989897994966048,0.6848313634929198,0.1237162389276577,0.8896080792496524,0.38842306642242186,0.8724473922572016,4.416025434520738,3.8426071119257124,4.942357010927607,6.13287246170149,0.8571006248908446,-0.049751605725944184,-0.024372642800693768,-0.06066352000855345,0.4840243258347797,0.12755260774279842,0.9491336024812427,0.19367208489265653,1.0384115113677448,0.5568725307726077,0.25510521548559684,0.0,0.12755260774279842,0.0,0.0,0.0
1.0946486499270485,0.6071779916418272,1.0416813673606755,1.0705411622840766,0.7505449371829784,0.8781016197857454,-0.03371043321909016,0.46458135582353394,0.13283179543317242,0.6590057904196088,4.5362216037566085,4.1480801688959605,4.5487060249645115,5.5196572472929315,1.0925109066396472,0.46569881102110455,0.006602823717570553,-0.04168136736067542,0.564434698950741,0.33142903358931497,1.0912207407031327,0.6268004901408804,1.0907587479837346,0.8529303446040604,0.6437277151964778,0.019130351982152304,0.3218638575982389,0.009565175991076152,0.0,0.0
1.1379845669472792,0.9374200747577245,1.0243726428006936,1.0606635200085535,0.6034102131503482,0.8989897994966048,0.14149329133901134,0.1237162389276577,0.19872424228319258,0.38842306642242186,4.347562791521858,4.416025434520738,4.6913311001507605,4.942357010927607,1.629899989261878,0.8571006248908446,0.24932207505128423,-0.024372642800693768,0.6999092551104231,0.4840243258347797,1.0133235294216372,0.9491336024812427,0.8592967196098227,1.0384115113677448,0.7129434361839625,0.25510521548559684,0.35647171809198125,0.12755260774279842,0.0,0.0
1.124750057909334,1.0946486499270485,1.0125275282645818,1.0416813673606755,0.5163321378549925,0.7505449371829784,0.550635537533878,-0.03371043321909016,0.5442688327178832,0.13283179543317242,3.937603405376036,4.5362216037566085,5.253430519621171,4.5487060249645115,2.462034438430778,1.0925109066396472,0.6412913448339086,0.006602823717570553,0.895148745090397,0.564434698950741,0.7945392095013034,1.0912207407031327,0.42783959476995004,1.0907587479837346,0.4468809787406998,0.6437277151964778,0.2234404893703499,0.3218638575982389,0.0,0.0
1.0908193032435598,1.1379845669472792,1.0057831404343127,1.0243726428006936,0.4768901618249689,0.6034102131503482,0.8830124888603121,0.14149329133901134,0.8498095590033262,0.19872424228319258,3.608638347310155,4.347562791521858,5.744487770781217,4.6913311001507605,3.279185060007304,1.629899989261878,0.7119978488303054,0.24932207505128423,1.0299067711333882,0.6999092551104231,0.6072677710856087,1.0133235294216372,0.09291168524655238,0.8592967196098227,0.17666464306568982,0.7129434361839625,0.08833232153284491,0.35647171809198125,0.0,0.0
1.0566452659878263,1.124750057909334,1.0024363703625692,1.0125275282645818,0.4660741014043768,0.5163321378549925,1.0555301502940728,0.550635537533878,1.0175702040592043,0.5442688327178832,3.4396772654851824,3.937603405376036,5.997502802134783,5.253430519621171,3.8999617368500283,2.462034438430778,0.4466279840104388,0.6412913448339086,1.0833186533187087,0.895148745090397,0.4923370644022158,0.7945392095013034,-0.0738079662467107,0.42783959476995004,0.01770037708283416,0.4468809787406998,0.00885018854141708,0.2234404893703499,0.0,0.0
1.0311013705886638,1.0908193032435598,1.0009455873536572,1.0057831404343127,0.4701410336725519,0.4768901618249689,1.1145575115002428,0.8830124888603121,1.0832801641423089,0.8498095590033262,3.3830237119594297,3.608638347310155,5.869903019112503,5.744487770781217,3.7783661807575277,3.279185060007304,0.17666464306568982,0.7119978488303054,1.0879073326619566,1.0299067711333882,0.3311921154782406,0.6072677710856087,-0.12579824554693247,0.09291168524655238,-0.052948404138032125,0.17666464306568982,-0.026474202069016062,0.08833232153284491,0.0,0.0
1.015216893357412,1.0566452659878263,1.000252994730261,1.0024363703625692,0.48885098967586893,0.4660741014043768,1.112475524375013,1.0555301502940728,1.0913818459644145,1.0175702040592043,3.386432787808833,3.4396772654851824,5.477153094294585,5.997502802134783,3.092379354888114,3.8999617368500283,0.01770037708283416,0.4466279840104388,1.0713281581797878,1.0833186533187087,0.12006814826701494,0.4923370644022158,-0.11848629377704292,-0.0738079662467107,-0.07054116228407663,0.01770037708283416,-0.035270581142038314,0.00885018854141708,0.0,0.0
1.00672872778797,1.0311013705886638,1.0,1.0009455873536572,0.6153662863424516,0.4701410336725519,1.0850361628092473,1.1145575115002428,1.0728498414089003,1.0832801641423089,3.4144910435139244,3.3830237119594297,5.143954907249979,5.869903019112503,2.9090849313497285,3.7783661807575277,-0.052948404138032125,0.17666464306568982,1.0492468091925935,1.0879073326619566,-0.02317804334541836,0.3311921154782406,-0.08792773302640354,-0.12579824554693247,-0.06066352000855345,-0.052948404138032125,-0.030331760004276724,-0.026474202069016062,0.0,0.0
1.0026893650928301,1.015216893357412,1.0,1.000252994730261,0.8251652694570242,0.48885098967586893,1.054208895625257,1.112475524375013,1.0479451314929662,1.0913818459644145,3.4169690790363836,3.386432787808833,5.011791730795231,5.477153094294585,3.350163352049769,3.092379354888114,-0.05141081030192432,0.01770037708283416,1.0297938129054587,1.0713281581797878,-0.06149893624372609,0.12006814826701494,-0.05542708080654171,-0.11848629377704292,-0.04168136736067542,-0.07054116228407663,-0.02084068368033771,-0.035270581142038314,0.0,0.0
1.0009455873536572,1.00672872778797,1.0,1.0,0.9811327556176234,0.6153662863424516,1.0301557832350063,1.0850361628092473,1.02726421301785,1.0728498414089003,3.087186393536598,3.4144910435139244,5.5349190549372675,5.143954907249979,3.801583932996822,2.9090849313497285,0.19444169547704343,-0.052948404138032125,1.0160234789711604,1.0492468091925935,0.16814347017729767,-0.02317804334541836,-0.030628576911835036,-0.08792773302640354,-0.024372642800693768,-0.06066352000855345,-0.012186321400346884,-0.030331760004276724,0.0,0.0
1.000252994730261,1.0026893650928301,1.0,1.0,1.0536513377783803,0.8251652694570242,1.0149638986271508,1.054208895625257,0.994615361463714,1.0479451314929662,2.4907490006049042,3.4169690790363836,6.541241734347646,5.011791730795231,4.052184287997504,3.350163352049769,0.6020463478358022,-0.05141081030192432,1.0077349440438366,1.0297938129054587,0.5726525517469507,-0.06149893624372609,-0.015090395992281362,-0.05542708080654171,-0.012527528264581752,-0.04168136736067542,-0.006263764132290876,-0.02084068368033771,0.0,0.0
1.0,1.0009455873536572,1.0,1.0,1.071883853690796,0.9811327556176234,1.00672872778797,1.0301557832350063,0.7511507186255444,1.02726421301785,2.0411982947076908,3.087186393536598,7.210424428839009,5.5349190549372675,4.150455634440668,3.801583932996822,0.6885707933832688,0.19444169547704343,1.003364363893985,1.0160234789711604,0.6636966269913689,0.16814347017729767,-0.0067287277879698815,-0.030628576911835036,-0.00578314043431266,-0.024372642800693768,-0.00289157021715633,-0.012186321400346884,0.0,0.0
1.0,1.000252994730261,1.0,1.0,1.0540280381448752,1.0536513377783803,0.9835590131106778,1.0149638986271508,0.3397048005490696,0.994615361463714,1.8613975940014038,2.4907490006049042,7.351667166800732,6.541241734347646,4.161677948111225,4.052184287997504,0.43435345047611806,0.6020463478358022,1.0013446825464152,1.0077349440438366,0.4362175178173934,0.5726525517469507,0.01644098688932217,-0.015090395992281362,-0.0024363703625690895,-0.012527528264581752,0.017912166800867758,-0.006263764132290876,0.0,0.0
1.0,1.0,1.0,1.0,0.9183298375558101,1.071883853690796,0.7458403718680603,1.00672872778797,0.032896935684097836,0.7511507186255444,2.1646422937718643,2.0411982947076908,6.8378654904739715,7.210424428839009,4.129946942512391,4.150455634440668,0.1708815026313772,0.6885707933832688,1.0004727936768287,1.003364363893985,0.4157463795801263,0.6636966269913689,0.25415962813193965,-0.0067287277879698815,-0.0009455873536572226,-0.00578314043431266,0.2546324218087683,-0.00289157021715633,0.0,0.0
1.0,1.0,1.0,1.0,0.6970200967697286,1.0540280381448752,0.33739492755163103,0.9835590131106778,-0.10948605118906873,0.3397048005490696,2.8220053235165903,1.8613975940014038,5.913610322935389,7.351667166800732,4.067427737292551,4.161677948111225,0.015264006720265073,0.43435345047611806,1.0001264973651307,1.0013446825464152,0.6728235002176277,0.4362175178173934,0.6434747204662167,0.01644098688932217,-0.00025299473026104525,-0.0024363703625690895,0.6436012178313472,0.017912166800867758,0.0,0.0
1.0,1.0,1.0,1.0,0.5315263594595521,0.9183298375558101,0.03195134833044062,0.7458403718680603,-0.14471329473524921,0.032896935684097836,3.56953085709411,2.1646422937718643,5.086676940255531,6.8378654904739715,3.7945856574694483,4.129946942512391,-0.053893991491689344,0.1708815026313772,1.0,1.0004727936768287,0.9117358836375423,0.4157463795801263,0.7129434361839625,0.25415962813193965,0.0,-0.0009455873536572226,0.7129434361839625,0.2546324218087683,0.0,0.0
1.0,1.0,1.0,1.0,0.4431737477279649,0.6970200967697286,-0.10973904591932976,0.33739492755163103,-0.12743942300216393,-0.10948605118906873,4.242119244980494,2.8220053235165903,4.5153642737822555,5.913610322935389,3.381580336062947,4.067427737292551,-0.07079415701433768,0.015264006720265073,1.0,1.0001264973651307,1.0378532010888382,0.6728235002176277,0.4468809787406998,0.6434747204662167,0.0,-0.00025299473026104525,0.4468809787406998,0.6436012178313472,0.0,0.0
1.0,1.0,1.0,1.0,0.30345510878356186,0.5315263594595521,-0.14471329473524921,0.03195134833044062,-0.0917648905972171,-0.14471329473524921,4.638466537889439,3.56953085709411,4.129921870771317,5.086676940255531,3.2986228446846626,3.7945856574694483,-0.06066352000855345,-0.053893991491689344,1.0,1.0,1.083576981049867,0.9117358836375423,0.17666464306568982,0.7129434361839625,0.0,0.0,0.17666464306568982,0.7129434361839625,0.0,0.0
1.0,1.0,1.0,1.0,0.11576111344709428,0.4431737477279649,-0.12743942300216393,-0.10973904591932976,-0.056898260718087304,-0.12743942300216393,4.778072840386458,4.242119244980494,3.8681627057509176,4.5153642737822555,3.5197310580201338,3.381580336062947,-0.04168136736067542,-0.07079415701433768,1.0,1.0,1.085631558276358,1.0378532010888382,0.03683072906498647,0.4468809787406998,0.019130351982152304,0.0,0.01770037708283416,0.4468809787406998,0.009565175991076152,0.0
1.0,1.0,1.0,1.0,0.09811863028623882,0.30345510878356186,-0.0917648905972171,-0.14471329473524921,-0.03110137058866365,-0.0917648905972171,4.772267538949121,4.638466537889439,3.761360379778755,4.129921870771317,3.315016100670431,3.2986228446846626,-0.024372642800693768,-0.06066352000855345,1.0,1.0,1.0673922477965232,1.083576981049867,0.20215681134756477,0.17666464306568982,0.25510521548559684,0.0,-0.052948404138032125,0.17666464306568982,0.12755260774279842,0.0
1.0,1.0,1.0,1.0,0.24823687763573699,0.11576111344709428,-0.056898260718087304,-0.12743942300216393,-0.015216893357411885,-0.056898260718087304,4.708752766440051,4.778072840386458,3.757164034165372,3.8681627057509176,2.657089478020428,3.5197310580201338,-0.012527528264581752,-0.04168136736067542,1.0,1.0,1.0443707324535054,1.085631558276358,0.5923169048945534,0.03683072906498647,0.6628580671786299,0.019130351982152304,-0.07054116228407663,0.01770037708283416,0.3218638575982389,0.009565175991076152
1.0,1.0,1.0,1.0,0.39611699317282323,0.09811863028623882,-0.03110137058866365,-0.0917648905972171,-0.0067287277879698815,-0.03110137058866365,4.636998565449726,4.772267538949121,3.6910051629037994,3.761360379778755,2.1168511007989133,3.315016100670431,-0.00578314043431266,-0.024372642800693768,1.0,1.0,1.025318230154351,1.0673922477965232,0.907385131661006,0.20215681134756477,0.9680486516695594,0.25510521548559684,-0.06066352000855345,-0.052948404138032125,0.35647171809198125,0.12755260774279842
1.0,1.0,1.0,1.0,0.48354136477987697,0.24823687763573699,-0.015216893357411885,-0.056898260718087304,-0.0026893650928301346,-0.015216893357411885,4.569778932667738,4.708752766440051,3.5452561421149733,3.757164034165372,1.8893237744097218,2.657089478020428,-0.0024363703625690895,-0.012527528264581752,1.0,1.0,1.0127805229948428,1.0443707324535054,1.0680576785586542,0.5923169048945534,1.1001738699282537,0.6628580671786299,-0.03211619136959926,-0.07054116228407663,0.23300566536142606,0.3218638575982389
1.0,1.0,1.0,1.0,0.5231098381750312,0.39611699317282323,-0.0067287277879698815,-0.03110137058866365,-0.0009455873536572226,-0.0067287277879698815,4.413641854527821,4.636998565449726,3.4406122943195117,3.6910051629037994,2.2814473615092488,2.1168511007989133,-0.0009455873536572226,-0.00578314043431266,1.0,1.0,1.0057831404343127,1.025318230154351,1.1203406519345553,0.907385131661006,1.0171606869924508,0.9680486516695594,0.10317996494210468,-0.06066352000855345,0.21588492927564334,0.35647171809198125
1.0,1.0,1.0,1.0,0.5434910745866994,0.48354136477987697,-0.0026893650928301346,-0.015216893357411885,-0.00025299473026104525,-0.0026893650928301346,4.197387083398418,4.569778932667738,3.3940024964607183,3.5452561421149733,3.1125186557136075,1.8893237744097218,-0.00025299473026104525,-0.0024363703625690895,1.0,1.0,1.0024363703625692,1.0127805229948428,1.1149118947375822,1.0680576785586542,0.8055755654039252,1.1001738699282537,0.30933632933365707,-0.03211619136959926,0.3402792221307321,0.23300566536142606
1.0,1.0,1.0,1.0,0.6574115740702466,0.5231098381750312,-0.0009455873536572226,-0.0067287277879698815,0.0,-0.0009455873536572226,4.151675390726475,4.413641854527821,3.2792845209939454,3.4406122943195117,3.7769401649453784,2.2814473615092488,0.0,-0.0009455873536572226,1.0,1.0,1.0009455873536572,1.0057831404343127,1.0859817501629043,1.1203406519345553,0.7352931725052358,1.0171606869924508,0.3506885776576686,0.10317996494210468,0.45755012376576365,0.21588492927564334
1.0,1.0,1.0,1.0,0.842578043913446,0.5434910745866994,-0.00025299473026104525,-0.0026893650928301346,0.0,-0.00025299473026104525,4.270063191826796,4.197387083398418,3.09539213622396,3.3940024964607183,4.099078746684914,3.1125186557136075,0.0,-0.00025299473026104525,1.0,1.0,1.000252994730261,1.0024363703625692,1.054461890355518,1.1149118947375822,0.8143274193655852,0.8055755654039252,0.2210041190077808,0.30933632933365707,0.5100337658265504,0.3402792221307321
1.0,1.0,1.0,1.0,0.868658039492328,0.6574115740702466,0.0,-0.0009455873536572226,0.0,0.0,4.285060658078015,4.151675390726475,2.9662560712957986,3.2792845209939454,3.977901773241887,3.7769401649453784,0.0,0.0,1.0,1.0,1.0,1.0009455873536572,1.0301557832350063,1.0859817501629043,0.6876638335702219,0.7352931725052358,0.08738673417918769,0.3506885776576686,0.41447227962054944,0.45755012376576365
1.0,1.0,1.0,1.0,0.7392694294937169,0.842578043913446,0.0,-0.00025299473026104525,0.0,0.0,4.159973772599529,4.270063191826796,2.915210166769746,3.09539213622396,3.564023362473443,4.099078746684914,0.0,0.0,1.0,1.0,1.0,1.000252994730261,0.9958335466449986,1.054461890355518,0.34350863763736483,0.8143274193655852,0.008597193811156034,0.2210041190077808,0.21144999423142927,0.5100337658265504
1.0,1.0,1.0,1.0,0.7187764994927998,0.868658039492328,0.0,0.0,0.0,0.0,4.042449876234237,4.285060658078015,2.911619873661215,2.9662560712957986,3.2029692613025924,3.977901773241887,0.0,0.0,1.0,1.0,1.0,1.0,0.751623512302373,1.0301557832350063,0.06515427818742656,0.6876638335702219,-0.026474202069016062,0.08738673417918769,0.04967179806348197,0.41447227962054944
1.0,1.0,1.0,1.0,0.8414974073120167,0.7392694294937169,0.0,0.0,0.0,0.0,4.009096586155602,4.159973772599529,2.9285453444550815,2.915210166769746,2.9893665640703695,3.564023362473443,0.0,0.0,1.0,1.0,1.0,1.0,0.3589616498963525,0.9958335466449986,-0.05264874770230901,0.34350863763736483,-0.035270581142038314,0.008597193811156034,-0.03268415673291211,0.21144999423142927
1.0,1.0,1.0,1.0,0.9580229174425923,0.7187764994927998,0.0,0.0,0.0,0.0,4.340632935865047,4.042449876234237,2.950753190807407,2.911619873661215,2.7880456639919653,3.2029692613025924,0.0,0.0,1.0,1.0,1.0,1.0,0.28800215116969474,0.751623512302373,0.14166926810828162,0.06515427818742656,-0.030331760004276724,-0.026474202069016062,-0.059697532290449114,0.04967179806348197
1.0,1.0,1.0,1.0,1.019725439182757,0.8414974073120167,0.0,0.0,0.0,0.0,4.941842896956125,4.009096586155602,2.9606410111034656,2.9285453444550815,2.6380155726003562,2.9893665640703695,0.019130351982152304,0.0,1.0,1.0,1.0,1.0,0.5533720159895613,0.3589616498963525,0.5565123225870648,-0.05264874770230901,-0.02084068368033771,-0.035270581142038314,-0.05732945000366056,-0.03268415673291211
1.0,1.0,1.0,1.0,1.0420248873633478,0.9580229174425923,0.0,0.0,0.0,0.0,5.29082424586328,4.340632935865047,2.856423913286041,2.950753190807407,3.330536493343532,2.7880456639919653,0.25510521548559684,0.0,1.0,1.0,1.0,1.0,0.8233353569343103,0.28800215116969474,0.8884700824726892,0.14166926810828162,-0.012186321400346884,-0.030331760004276724,-0.04299087508145222,-0.059697532290449114
1.0,1.0,1.0,1.0,1.0428790278207443,1.019725439182757,0.0,0.0,0.0,0.0,5.339689697036155,4.941842896956125,2.6608360223668486,2.9606410111034656,4.637092773704504,2.6380155726003562,0.6437277151964778,0.019130351982152304,1.0,1.0,1.0,1.0,0.9631692709350136,0.5533720159895613,1.0399741973513812,0.5565123225870648,-0.006263764132290876,-0.02084068368033771,-0.027230945177759106,-0.05732945000366056
1.0,1.0,1.0,1.0,1.0336961238982618,1.0420248873633478,0.0,0.0,0.0,0.0,5.603044324419315,5.29082424586328,2.512611310271235,2.856423913286041,4.766182575652096,3.330536493343532,0.7129434361839625,0.25510521548559684,1.0,1.0,1.0,1.0,0.7978431886524353,0.8233353569343103,0.861398278878145,0.8884700824726892,-0.00289157021715633,-0.012186321400346884,-0.015077891617503215,-0.04299087508145222
1.0,1.0,1.0,1.0,1.0221853662267528,1.0428790278207443,0.0,0.0,0.0,0.0,6.0859257468498,5.339689697036155,2.4533509704849963,2.6608360223668486,3.6542237766051624,4.637092773704504,0.4468809787406998,0.6437277151964778,1.0,1.0,1.0,1.0,0.40768309510544665,0.9631692709350136,0.45058264764740663,1.0399741973513812,-0.0012181851812845448,-0.006263764132290876,-0.007481949313575419,-0.027230945177759106
1.0,1.0,1.0,1.0,1.0126591150771755,1.0336961238982618,0.0,0.0,0.0,0.0,6.00426166484419,5.603044324419315,2.554723166698345,2.512611310271235,2.5816907518085563,4.766182575652096,0.17666464306568982,0.7129434361839625,1.0,1.0,1.0,1.0,0.09261486833899407,0.7978431886524353,0.11746030481651644,0.861398278878145,-0.0004727936768286113,-0.00289157021715633,-0.0033643638939849408,-0.015077891617503215
1.0,1.0,1.0,1.0,1.0063902614974214,1.0221853662267528,0.0,0.0,0.0,0.0,5.3593019289165,6.0859257468498,2.777148000714179,2.4533509704849963,2.0237691813337615,3.6542237766051624,0.027265553073910313,0.4468809787406998,1.0,1.0,1.0,1.0,-0.048927326576502055,0.40768309510544665,-0.04583847693786593,0.45058264764740663,0.00943867862594563,-0.0012181851812845448,-0.0013446825464150673,-0.007481949313575419
1.0,1.0,1.0,1.0,1.0028915702171561,1.0126591150771755,0.0,0.0,0.0,0.0,4.781269455671314,6.00426166484419,3.0656944882789694,2.554723166698345,2.363590704215266,2.5816907518085563,0.07460420360476633,0.17666464306568982,1.0,1.0,1.0,1.0,0.13476456355104144,0.09261486833899407,0.012995096242555657,0.11746030481651644,0.12755260774279842,-0.0004727936768286113,-0.0004727936768286113,-0.0033643638939849408
1.0,1.0,1.0,1.0,1.0012181851812847,1.0063902614974214,0.0,0.0,0.0,0.0,4.465930754976531,5.3593019289165,3.3578494261899365,2.777148000714179,3.338669947042258,2.0237691813337615,0.27045304729631453,0.027265553073910313,1.0,1.0,1.0,1.0,0.5479461724410479,-0.048927326576502055,0.22851868520537805,-0.04583847693786593,0.3218638575982389,0.00943867862594563,-0.00012649736513052262,-0.0013446825464150673
1.0,1.0,1.0,1.0,1.0004727936768287,1.0028915702171561,0.0,0.0,0.0,0.0,4.342763152812951,4.781269455671314,3.5408302879080726,3.0656944882789694,4.1585524999513686,2.363590704215266,0.5509134135690248,0.07460420360476633,1.0,1.0,1.0,1.0,0.882066901506655,0.13476456355104144,0.526540770768331,0.012995096242555657,0.35647171809198125,0.12755260774279842,0.0,-0.0004727936768286113
1.0,1.0,1.0,1.0,1.0001264973651307,1.0012181851812847,0.0,0.0,0.0,0.0,4.317328970042267,4.465930754976531,3.620545963773117,3.3578494261899365,4.627364544103731,3.338669947042258,0.8254868372061521,0.27045304729631453,1.0,1.0,1.0,1.0,1.0552771555638116,0.5479461724410479,0.8320896609237228,0.22851868520537805,0.2234404893703499,0.3218638575982389,0.019130351982152304,-0.00012649736513052262
1.0,1.0,1.0,1.0,1.0,1.0004727936768287,0.0,0.0,0.0,0.0,4.233623684082263,4.342763152812951,3.742427336515047,3.5408302879080726,5.1431133312929305,4.1585524999513686,0.7769031149161136,0.5509134135690248,1.0,1.0,1.0,1.0,1.1145575115002428,0.882066901506655,1.026225189967398,0.526540770768331,0.08833232153284491,0.35647171809198125,0.25510521548559684,0.0
1.0,1.0,1.0,1.0,1.0,1.0001264973651307,0.0,0.0,0.0,0.0,4.0766345945596045,4.317328970042267,3.9222531929030255,3.620545963773117,5.723043661339178,4.627364544103731,0.4432036390175352,0.8254868372061521,1.0,1.0,1.0,1.0,1.112475524375013,1.0552771555638116,1.1036253358335961,0.8320896609237228,0.00885018854141708,0.2234404893703499,0.6437277151964778,0.019130351982152304
1.0,1.0,1.0,1.0,1.0,1.0,0.0,0.0,0.0,0.0,3.9633932309930193,4.233623684082263,4.044984662750892,3.742427336515047,5.647669417612109,5.1431133312929305,0.14440730056236112,0.7769031149161136,1.0,1.0,1.0,1.0,1.0850361628092473,1.1145575115002428,1.1115103648782634,1.026225189967398,-0.026474202069016062,0.08833232153284491,0.7129434361839625,0.25510521548559684
1.0,1.0,1.0,1.0,1.0,1.0,0.0,0.0,0.0,0.0,3.90903906460855,4.0766345945596045,4.109930954614436,3.9222531929030255,4.971266107501546,5.723043661339178,-0.02000657442177324,0.4432036390175352,1.0,1.0,1.0,1.0,1.054208895625257,1.112475524375013,1.0799143007762193,1.1036253358335961,-0.035270581142038314,0.00885018854141708,0.4660113307228521,0.6437277151964778
1.0,1.0,1.0,1.0,1.0,1.0,0.0,0.0,0.0,0.0,3.788051670344123,3.9633932309930193,4.3463769120415385,4.044984662750892,4.354943715820786,5.647669417612109,-0.08422575149596606,0.14440730056236112,1.0,1.0,1.0,1.0,1.0301557832350063,1.0850361628092473,0.9329349354964847,1.1115103648782634,-0.030331760004276724,-0.026474202069016062,0.4317698585512867,0.7129434361839625
1.0,1.0,1.0,1.0,1.0,1.0,0.0,0.0,0.0,0.0,3.5807216648371822,3.90903906460855,4.7164005559226805,4.109930954614436,4.037406825110301,4.971266107501546,-0.09163484069467538,-0.02000657442177324,1.0,1.0,1.0,1.0,1.0149638986271508,1.054208895625257,0.6948103727270974,1.0799143007762193,-0.02084068368033771,-0.035270581142038314,0.670993268270388,0.4660113307228521
1.0,1.0,1.0,1.0,1.0,1.0,0.0,0.0,0.0,0.0,3.2130968386737004,3.788051670344123,4.762663039053384,4.3463769120415385,4.247700389123647,4.354943715820786,-0.07284984140890033,-0.08422575149596606,1.0,1.0,1.0,1.0,1.00672872778797,1.0301557832350063,0.4073381156107386,0.9329349354964847,-0.012186321400346884,-0.030331760004276724,0.7875476397887289,0.4317698585512867
1.0,1.0,1.0,1.0,1.0,1.0,0.0,0.0,0.0,0.0,2.7533172900421397,3.5807216648371822,4.467236113020213,4.7164005559226805,4.831479058572823,4.037406825110301,-0.047945131492966295,-0.09163484069467538,1.0,1.0,1.0,1.0,1.0026893650928301,1.0149638986271508,0.12265457267614113,0.6948103727270974,-0.006263764132290876,-0.02084068368033771,0.7173340260370142,0.670993268270388
1.0,1.0,1.0,1.0,1.0,1.0,0.0,0.0,0.0,0.0,2.444044015668484,3.2130968386737004,4.0651355142940515,4.762663039053384,5.317559220577044,4.247700389123647,-0.0272642130178501,-0.07284984140890033,1.0,1.0,1.0,1.0,1.0009455873536572,1.00672872778797,-0.052543815631590746,0.4073381156107386,-0.00289157021715633,-0.012186321400346884,0.7275780566347146,0.7875476397887289
1.0,1.0,1.0,1.0,1.0,1.0,0.0,0.0,0.0,0.0,2.3189327959008823,2.7533172900421397,3.703571463528432,4.467236113020213,5.545574346331362,4.831479058572823,-0.013745713445866295,-0.047945131492966295,1.0,1.0,1.0,1.0,0.9811226427481088,1.0026893650928301,-0.11711805454920124,0.12265457267614113,-0.0012181851812845448,-0.006263764132290876,0.8431872142889862,0.7173340260370142
1.0,1.0,1.0,1.0,1.0,1.0,0.0,0.0,0.0,0.0,2.306039896072157,2.444044015668484,3.593944241663972,4.0651355142940515,5.282302469379106,5.317559220577044,-0.006255934111141271,-0.0272642130178501,1.0,1.0,1.0,1.0,0.7448947845144032,1.0009455873536572,-0.11776629898940455,-0.052543815631590746,-0.0004727936768286113,-0.00289157021715633,0.7239547107780815,0.7275780566347146
1.0,1.0,1.0,1.0,1.0,1.0,0.0,0.0,0.0,0.0,2.3618971160745295,2.3189327959008823,3.688232678909836,3.703571463528432,4.708732998624027,5.545574346331362,-0.002562867727699612,-0.013745713445866295,1.0,1.0,0.9808696480178477,1.0,0.35627228480352235,0.9811226427481088,-0.0920423444949951,-0.11711805454920124,-0.00012649736513052262,-0.0012181851812845448,0.3726624767334585,0.8431872142889862
1.0,1.0,1.0,1.0,1.0,1.0,0.0,0.0,0.0,0.0,2.6473168459172194,2.306039896072157,3.5963717366498336,3.593944241663972,4.683745714817227,5.282302469379106,-0.0009455873536572226,-0.006255934111141271,1.0,1.0,0.7448947845144032,1.0,0.2870565638160375,0.7448947845144032,-0.061433130592940366,-0.11776629898940455,0.0,-0.0004727936768286113,0.08374378055380767,0.7239547107780815
1.0,1.0,1.0,1.0,1.0,1.0,0.0,0.0,0.0,0.0,3.098224862416706,2.3618971160745295,3.2771716982933317,3.688232678909836,5.212760190491899,4.708732998624027,-0.00025299473026104525,-0.002562867727699612,1.0,1.0,0.34670710881244615,0.9808696480178477,0.5531190212593002,0.35627228480352235,-0.016927225055597288,-0.0920423444949951,0.009565175991076152,-0.00012649736513052262,-0.0521227657913725,0.3726624767334585
1.0,1.0,1.0,1.0,1.0,1.0,0.0,0.0,0.0,0.0,3.4335829171869108,2.6473168459172194,2.906500299855965,3.5963717366498336,5.381130419183531,4.683745714817227,0.0,-0.0009455873536572226,1.0,1.0,0.15950395607323906,0.7448947845144032,0.8233353569343103,0.2870565638160375,0.23619016629728012,-0.061433130592940366,0.12755260774279842,0.0,0.018954213446138613,0.08374378055380767
1.0,1.0,1.0,1.0,1.0,1.0,0.0,0.0,0.0,0.0,3.5836122940244266,3.098224862416706,2.600705325350964,3.2771716982933317,5.037220855160912,5.212760190491899,0.0,-0.00025299473026104525,1.0,1.0,0.23125516366106136,0.34670710881244615,0.9822996229171659,0.5531190212593002,0.653904937953509,-0.016927225055597288,0.33142903358931497,0.009565175991076152,0.21770148863898173,-0.0521227657913725
1.0,1.0,1.0,1.0,1.0,1.0,0.0,0.0,0.0,0.0,3.5099591655276523,3.4335829171869108,2.650916214485532,2.906500299855965,4.454694152266692,5.381130419183531,0.0,0.0,1.0,1.0,0.46686363884232895,0.15950395607323906,1.0529484041380321,0.8233353569343103,0.9642114940987458,0.23619016629728012,0.4840243258347797,0.12755260774279842,0.27783873624876826,0.018954213446138613
1.0,1.0,1.0,1.0,1.0,1.0,0.0,0.0,0.0,0.0,3.283629350963812,3.5836122940244266,3.008518610525646,2.600705325350964,3.8460988665088176,5.037220855160912,0.0,0.0,1.0,1.0,0.758859133546816,0.23125516366106136,1.0705411622840766,0.9822996229171659,1.098702690016708,0.653904937953509,0.5453043469685888,0.33142903358931497,0.17305898751481452,0.21770148863898173
1.0,1.0,1.0,1.0,1.0,1.0,0.0,0.0,0.0,0.0,2.9792423696659815,3.5099591655276523,3.4427204554942064,2.650916214485532,3.4531775125694915,4.454694152266692,0.0,0.0,1.0,1.0,0.9646160826051873,0.46686363884232895,1.0606635200085535,1.0529484041380321,1.0166878933156223,0.9642114940987458,0.4448040396248262,0.4840243258347797,0.060122521161337594,0.27783873624876826
1.0,1.0,1.0,1.0,1.0,1.0,0.0,0.0,0.0,0.0,2.6703467094388462,3.283629350963812,3.8169957007004296,3.008518610525646,3.3382783730282535,3.8460988665088176,0.019130351982152304,0.0,1.0,1.0,1.0616909737426596,0.758859133546816,1.0416813673606755,1.0705411622840766,0.8054490680387947,1.098702690016708,0.23229067791176697,0.5453043469685888,-0.005148519634710259,0.17305898751481452
1.0,1.0,1.0,1.0,1.0,1.0,0.0,0.0,0.0,0.0,2.4747203973862595,2.9792423696659815,3.9270927671571147,3.4427204554942064,3.90751205757829,3.4531775125694915,0.25510521548559684,0.0,1.0,1.0,1.0871377220775695,0.9646160826051873,1.0243726428006936,1.0606635200085535,0.7352931725052358,1.0166878933156223,0.06185811946382885,0.4448040396248262,-0.03273013618015733,0.060122521161337594
1.0,1.0,1.0,1.0,1.0,1.0,0.0,0.0,0.0,0.0,2.396627658896665,2.6703467094388462,3.8371276018105713,3.8169957007004296,4.922932212987479,3.3382783730282535,0.6437277151964778,0.019130351982152304,1.0,1.0,1.0769519485027137,1.0616909737426596,0.9933971762824294,1.0416813673606755,0.8143274193655852,0.8054490680387947,-0.02642039260062123,0.23229067791176697,-0.037833448869737926,-0.005148519634710259
1.0,1.0,1.0,1.0,1.0,1.0,0.0,0.0,0.0,0.0,2.3884896351217364,2.4747203973862595,4.040948415952984,3.9270927671571147,5.155980718525147,3.90751205757829,0.7129434361839625,0.25510521548559684,1.0,1.0,1.0547044028049704,1.0871377220775695,0.7506779249487158,1.0243726428006936,0.6876638335702219,0.7352931725052358,-0.05680596207329278,0.06185811946382885,-0.03127734735793394,-0.03273013618015733
1.0,1.0,1.0,1.0,1.0,1.0,0.0,0.0,0.0,0.0,2.4009553472416285,2.396627658896665,4.55942941161212,3.8371276018105713,4.590303964143193,4.922932212987479,0.4468809787406998,0.6437277151964778,1.0,1.0,1.0333682119449195,1.0769519485027137,0.3587086551660914,0.9933971762824294,0.34350863763736483,0.8143274193655852,-0.05611126482237602,-0.02642039260062123,-0.02109367841059875,-0.037833448869737926
1.0,1.0,1.0,1.0,1.0,1.0,0.0,0.0,0.0,0.0,2.3119598490179185,2.3884896351217364,5.0799428025191435,4.040948415952984,4.540121358814913,5.155980718525147,0.17666464306568982,0.7129434361839625,1.0,1.0,1.0179694618346598,1.0547044028049704,0.28800215116969474,0.7506779249487158,0.06515427818742656,0.6876638335702219,-0.04251808140462361,-0.05680596207329278,-0.012186321400346884,-0.03127734735793394
1.0,1.0,1.0,1.0,1.0,1.0,0.0,0.0,0.019130351982152304,0.0,2.1327663841031965,2.4009553472416285,5.5030817653802355,4.55942941161212,5.163520807135374,4.590303964143193,0.01770037708283416,0.4468809787406998,1.0,1.0,1.0087001344948598,1.0333682119449195,0.5533720159895613,0.3587086551660914,-0.062213923693385166,0.34350863763736483,-0.01753927182155243,-0.05611126482237602,-0.006263764132290876,-0.02109367841059875
1.0,1.0,1.0,1.0,1.0,1.0,0.0,0.0,0.25510521548559684,0.0,1.9970606249769038,2.3119598490179185,6.059676265272914,5.0799428025191435,5.524498294524765,4.540121358814913,-0.052948404138032125,0.17666464306568982,1.0,1.0,1.0038371575708136,1.0179694618346598,0.8233353569343103,0.28800215116969474,0.014116660365483175,0.06515427818742656,0.11247471612529523,-0.04251808140462361,-0.00289157021715633,-0.012186321400346884
1.0,1.0,1.0,1.0,1.0,1.0,0.0,0.0,0.6628580671786299,0.019130351982152304,1.9457425238062904,2.1327663841031965,6.722037942278218,5.5030817653802355,5.451198136703434,5.163520807135374,-0.07054116228407663,0.01770037708283416,1.0,1.0,0.9919060039204695,1.0087001344948598,0.9822996229171659,0.5533720159895613,0.22508328899774982,-0.062213923693385166,0.3239470842757396,-0.01753927182155243,-0.0012181851812845448,-0.006263764132290876
1.0,1.0,1.0,1.0,1.0,1.0,0.0,0.0,0.9680486516695594,0.25510521548559684,2.0513588028043603,1.9970606249769038,7.1508362267211005,6.059676265272914,5.49623541327912,5.524498294524765,-0.06066352000855345,-0.052948404138032125,1.0,1.0,0.8729201859340302,1.0038371575708136,1.0529484041380321,0.8233353569343103,0.4044457566379095,0.014116660365483175,0.48065996194079474,0.11247471612529523,-0.0004727936768286113,-0.00289157021715633
1.0,1.0,1.0,1.0,1.0,1.0,0.0,0.0,1.10973904591933,0.6628580671786299,2.2566729661856115,1.9457425238062904,7.317230078046254,6.722037942278218,5.709870109686303,5.451198136703434,-0.03211619136959926,-0.07054116228407663,1.0,1.0,0.6782626397668917,0.9919060039204695,1.0705411622840766,0.9822996229171659,0.4946698503827923,0.22508328899774982,0.563090016404326,0.3239470842757396,-0.00012649736513052262,-0.0012181851812845448
1.0,1.0,1.0,1.0,1.0,1.0,0.0,0.0,1.1447132947352494,0.9680486516695594,2.310116479116544,2.0513588028043603,7.4342654808101205,7.1508362267211005,5.226500329968827,5.49623541327912,0.10317996494210468,-0.06066352000855345,1.0,1.0,0.6435282819080188,0.8729201859340302,1.0606635200085535,1.0529484041380321,0.41659423925331884,0.4044457566379095,0.6994364614335945,0.48065996194079474,0.0,-0.0004727936768286113
1.0,1.0,1.0,1.0,1.0,1.0,0.0,0.0,1.1274394230021638,1.10973904591933,2.1852996856551,2.2566729661856115,7.563079277315362,7.317230078046254,4.0950870765239635,5.709870109686303,0.3189015053247332,-0.03211619136959926,1.0,1.0,0.7765595106296501,0.6782626397668917,1.0416813673606755,1.0705411622840766,0.22785714572671578,0.4946698503827923,0.8854570717341903,0.563090016404326,0.0,-0.00012649736513052262
1.0,1.0,1.0,1.0,1.0,1.0,0.0,0.0,1.091764890597217,1.1447132947352494,1.9452290284957146,2.310116479116544,7.519290037287265,7.4342654808101205,3.084545416772433,5.226500329968827,0.478241185400467,0.10317996494210468,1.0,1.0,0.9116676784671551,0.6435282819080188,1.0243726428006936,1.0606635200085535,0.18315479309548605,0.41659423925331884,0.9023541633905898,0.6994364614335945,0.0,0.0
1.0,1.0,1.0,1.0,1.0,1.0,0.0,0.0,1.0568982607180872,1.1274394230021638,1.6793778842644724,2.1852996856551,7.329869053391378,7.563079277315362,2.4609766504060318,4.0950870765239635,0.5428679766060197,0.3189015053247332,1.0,1.0,0.9911498114585829,0.7765595106296501,1.0125275282645818,1.0416813673606755,0.30244577326099414,0.22785714572671578,0.7614547957204698,0.8854570717341903,0.0,0.0
1.0,1.0,1.0,1.0,1.0,1.0,0.0,0.0,1.0311013705886638,1.091764890597217,1.6136897159450179,1.9452290284957146,7.26731973008311,7.519290037287265,2.4120623765394047,3.084545416772433,0.44385845227116894,0.478241185400467,1.0,1.0,1.026474202069016,0.9116676784671551,1.0057831404343127,1.0243726428006936,0.4262727764078297,0.18315479309548605,0.7314356145699752,0.9023541633905898,0.0,0.0
1.0,1.0,1.0,1.0,1.0,1.0,0.0,0.0,1.015216893357412,1.0568982607180872,1.7399442469411968,1.6793778842644724,7.3456983848265045,7.329869053391378,2.8308336244260284,2.4609766504060318,0.25116803516365827,0.5428679766060197,1.0,1.0,1.0352705811420384,0.9911498114585829,1.0024363703625692,1.0125275282645818,0.508070439398104,0.30244577326099414,0.8383224928183619,0.7614547957204698,0.0,0.0
1.0,1.0,1.0,1.0,1.0,1.0,0.0,0.0,1.00672872778797,1.0311013705886638,1.8808631247860497,1.6136897159450179,7.213010793638951,7.26731973008311,3.912449590151911,2.4120623765394047,0.31696333494942575,0.44385845227116894,1.0,1.0,1.0303317600042767,1.026474202069016,1.0009455873536572,1.0057831404343127,0.6573911737057995,0.4262727764078297,0.8333618799169502,0.7314356145699752,0.0,0.0
1.0,1.0,1.0,1.0,1.0,1.0,0.0,0.0,1.0026893650928301,1.015216893357412,1.9701826304131147,1.7399442469411968,6.870466595634449,7.3456983848265045,5.348363240916882,2.8308336244260284,0.6173073225958564,0.25116803516365827,1.0,1.0,1.0208406836803376,1.0352705811420384,1.000252994730261,1.0024363703625692,0.8680442972777684,0.508070439398104,0.6895145907747267,0.8383224928183619,0.0,0.0
1.0,1.0,1.0,1.0,1.0,1.0,0.0,0.0,1.0009455873536572,1.00672872778797,2.014287880668669,1.8808631247860497,6.7029472244670725,7.213010793638951,6.032798009885246,3.912449590151911,0.6561374741106697,0.31696333494942575,1.0,1.0,1.0121863214003468,1.0303317600042767,1.0,1.0009455873536572,1.014828879515885,0.6573911737057995,0.5584733552053969,0.8333618799169502,0.0,0.0
1.0,1.0,1.0,1.0,1.0,1.0,0.0,0.0,1.000252994730261,1.0026893650928301,2.038571993000824,1.9701826304131147,6.745818155603969,6.870466595634449,5.900271195914574,5.348363240916882,0.39076971391832377,0.6173073225958564,1.0,1.0,0.9966985881412147,1.0208406836803376,0.9808696480178477,1.000252994730261,1.056706352022981,0.8680442972777684,0.47857082623513375,0.6895145907747267,0.0,0.0
1.0,1.0,1.0,1.0,1.0,1.0,0.0,0.0,1.0,1.0009455873536572,2.154992797529919,2.014287880668669,6.617901939512195,6.7029472244670725,5.66659312373684,6.032798009885246,0.13414656166106625,0.6561374741106697,1.0,1.0,0.8753389624743578,1.0121863214003468,0.7448947845144032,1.0,0.8294377532823747,1.014828879515885,0.33378686878783864,0.5584733552053969,0.0,0.0
1.0,1.0,1.0,1.0,1.0,1.0,0.0,0.0,1.0,1.000252994730261,2.3319211801062156,2.038571993000824,6.296322574996701,6.745818155603969,5.542787567252583,5.900271195914574,-0.00940407072979442,0.39076971391832377,1.0,1.0,0.6793543275830457,0.9966985881412147,0.35627228480352235,0.9808696480178477,0.416690584445819,1.056706352022981,0.13660179712743198,0.47857082623513375,0.0,0.0
1.0,1.0,1.0,1.0,1.0,1.0,0.0,0.0,1.0,1.0,2.240632638072701,2.154992797529919,6.152754827920822,6.617901939512195,4.9293862614432715,5.66659312373684,-0.06802629575553533,0.13414656166106625,1.0,1.0,0.6440010755848474,0.8753389624743578,0.2870565638160375,0.7448947845144032,0.20827797158900394,0.8294377532823747,0.11030495168658569,0.33378686878783864,0.0,0.0
1.0,1.0,1.0,1.0,1.0,1.0,0.0,0.0,1.0,1.0,1.8981487225481954,2.3319211801062156,6.244466875941477,6.296322574996701,3.8712428773021674,5.542787567252583,-0.07802311159765205,-0.00940407072979442,1.0,1.0,0.7766860079947807,0.6793543275830457,0.5531190212593002,0.35627228480352235,0.25135730321031347,0.416690584445819,0.24493546577695172,0.13660179712743198,0.0,0.0
1.0,1.0,1.0,1.0,1.0,1.0,0.0,0.0,1.0,1.0,1.6071995659152216,2.240632638072701,6.48453628376943,6.152754827920822,2.859042512689436,4.9293862614432715,-0.06402788390253839,-0.06802629575553533,1.0,1.0,0.9116676784671551,0.6440010755848474,0.8233353569343103,0.2870565638160375,0.35533451007069095,0.20827797158900394,0.27145595564718117,0.11030495168658569,0.0,0.0
1.0,1.0,1.0,1.0,1.0,1.0,0.0,0.0,1.0,1.0,1.5030247307184177,1.8981487225481954,6.7159184997832755,6.244466875941477,2.146771242193389,3.8712428773021674,-0.023895697924938175,-0.07802311159765205,1.0,1.0,0.9720194594764306,0.7766860079947807,0.9631692709350136,0.5531190212593002,0.4255998680102613,0.25135730321031347,0.15333051637184653,0.24493546577695172,0.0,0.0
1.0,1.0,1.0,1.0,1.0,1.0,0.0,0.0,1.0,1.0,2.0394049829541805,1.6071995659152216,6.208595187331587,6.48453628376943,2.4558459180822885,2.859042512689436,0.2302597790080745,-0.06402788390253839,1.0,1.0,0.7713689865834192,0.9116676784671551,0.7978431886524353,0.8233353569343103,0.356403512921594,0.35533451007069095,0.03955830601708005,0.27145595564718117,0.0,0.0
1.0,1.0,1.0,1.0,1.0,1.0,0.0,0.0,0.9808696480178477,1.0,3.0582813726685854,1.5030247307184177,5.116423055122081,6.7159184997832755,3.5741814784428274,2.146771242193389,0.6502040415489176,-0.023895697924938175,1.0,1.0,0.37241251396340835,0.9720194594764306,0.40768309510544665,0.9631692709350136,0.17673709974009474,0.4255998680102613,-0.020817126998911112,0.15333051637184653,0.0,0.0
1.0,1.0,1.0,1.0,1.0,1.0,0.0,0.0,0.7448947845144032,1.0,3.8439074238710136,2.0394049829541805,4.695620974580413,6.208595187331587,4.538314789453735,2.4558459180822885,0.9622655112352467,0.2302597790080745,1.0,1.0,0.06228310833471734,0.7713689865834192,0.09261486833899407,0.7978431886524353,0.031229542551993818,0.356403512921594,-0.042497681040176497,0.03955830601708005,0.0,0.0
1.0,1.0,1.0,1.0,1.0,1.0,0.0,0.0,0.33714193282137006,0.9808696480178477,4.225057800758943,3.0582813726685854,5.093672984900292,5.116423055122081,5.006474390244394,3.5741814784428274,1.0881723235746084,0.6502040415489176,0.9808696480178477,1.0,-0.06976801025683975,0.37241251396340835,-0.06805767855865436,0.40768309510544665,-0.041510788592902595,0.17673709974009474,-0.04300552518587478,-0.020817126998911112,0.0,0.0
1.0,1.0,1.0,1.0,1.0,1.0,0.0,0.0,0.03195134833044062,0.7448947845144032,4.334046230143445,3.8439074238710136,5.812239831100767,4.695620974580413,4.50125190354358,4.538314789453735,0.8886624918959951,0.9622655112352467,0.7448947845144032,1.0,0.12257824215069454,0.06228310833471734,-0.12034065193455545,0.09261486833899407,-0.06353468986126268,0.031229542551993818,-0.03369612389826167,-0.042497681040176497,0.0,0.0
1.0,1.0,1.0,1.0,1.0,1.0,0.0,0.0,-0.10973904591932976,0.33714193282137006,4.28559599471226,4.225057800758943,6.523947423329772,5.093672984900292,3.2997687638100084,5.006474390244394,0.4643283610932729,1.0881723235746084,0.33714193282137006,0.9808696480178477,0.5416824083087569,-0.06976801025683975,-0.11491189473758218,-0.06805767855865436,-0.058800629915206154,-0.041510788592902595,-0.022185366226752774,-0.04300552518587478,0.0,0.0
1.0,1.0,1.0,1.0,1.0,1.0,0.0,0.0,-0.14471329473524921,0.03195134833044062,3.9680510768963044,4.334046230143445,6.8725974234402685,5.812239831100767,2.3236983204012134,4.50125190354358,0.1237162389276577,0.8886624918959951,0.03195134833044062,0.7448947845144032,0.8791753312894987,0.12257824215069454,-0.08598175016290444,-0.12034065193455545,-0.043463668758280824,-0.06353468986126268,-0.012659115077175495,-0.03369612389826167,0.0,0.0
1.0,1.0,1.0,1.0,1.0,1.0,0.0,0.0,-0.12743942300216393,-0.10973904591932976,3.4672595408978126,4.28559599471226,6.890324562657094,6.523947423329772,1.819663835671916,3.2997687638100084,-0.05284078520124246,0.4643283610932729,-0.10973904591932976,0.33714193282137006,1.054058970382527,0.5416824083087569,-0.05446189035551821,-0.11491189473758218,-0.027357442542889625,-0.058800629915206154,-0.006390261497421398,-0.022185366226752774,0.0,0.0
1.0,1.0,1.0,1.0,1.0,1.0,0.0,0.0,-0.0917648905972171,-0.14471329473524921,2.9812065797056437,3.9680510768963044,7.009857011385323,6.8725974234402685,1.6500715313881305,2.3236983204012134,-0.11361192414658557,0.1237162389276577,-0.14471329473524921,0.03195134833044062,1.1140847178234141,0.8791753312894987,-0.03015578323500643,-0.08598175016290444,-0.015077891617503215,-0.043463668758280824,-0.00289157021715633,-0.012659115077175495,0.0,0.0
1.0,1.0,1.0,1.0,1.0,1.0,0.0,0.0,-0.04733308472701114,-0.12743942300216393,2.6061863351456998,3.4672595408978126,7.285914636514462,6.890324562657094,1.717401615093718,1.819663835671916,-0.11222252964475204,-0.05284078520124246,-0.10830907102001162,-0.10973904591932976,1.1123490270098826,1.054058970382527,-0.014963898627150838,-0.05446189035551821,-0.007481949313575419,-0.027357442542889625,-0.0012181851812845448,-0.006390261497421398,0.0,0.0
1.0,1.0,1.0,1.0,1.0,1.0,0.0,0.0,0.0964512371541348,-0.0917648905972171,2.5156368066426946,2.9812065797056437,7.274841030903802,7.009857011385323,2.509261570675392,1.6500715313881305,-0.08503616280924722,-0.11361192414658557,0.1633403248883798,-0.14471329473524921,1.0850361628092473,1.1140847178234141,-0.0067287277879698815,-0.03015578323500643,-0.0033643638939849408,-0.015077891617503215,-0.0004727936768286113,-0.00289157021715633,0.0,0.0
1.0,1.0,1.0,1.0,0.9808696480178477,1.0,0.0,0.0,0.3257773162229793,-0.04733308472701114,2.6462783243684855,2.6061863351456998,6.972116892750246,7.285914636514462,3.7683034639834005,1.717401615093718,-0.054208895625257165,-0.11222252964475204,0.5868294544783904,-0.10830907102001162,1.054208895625257,1.1123490270098826,0.01644098688932217,-0.014963898627150838,0.01778566943573724,-0.007481949313575419,0.00943867862594563,-0.0012181851812845448,0.0,0.0
1.0,1.0,1.0,1.0,0.7448947845144032,1.0,0.0,0.0,0.6048482057896083,0.0964512371541348,2.6947141485112827,2.5156368066426946,6.8000568696135115,7.274841030903802,4.048362958846869,2.509261570675392,-0.03015578323500643,-0.08503616280924722,0.6818420655952988,0.1633403248883798,1.0301557832350063,1.0850361628092473,0.25415962813193965,-0.0067287277879698815,0.2546324218087683,-0.0033643638939849408,0.12755260774279842,-0.0004727936768286113,0.0,0.0
1.0,1.0,1.0,1.0,0.35627228480352235,0.9808696480178477,0.0,0.0,0.8836091914561497,0.3257773162229793,2.6130201799679096,2.6462783243684855,6.850082095656472,6.972116892750246,3.295751240340647,3.7683034639834005,-0.014963898627150838,-0.054208895625257165,0.4316640853832879,0.5868294544783904,1.0149638986271508,1.054208895625257,0.6434747204662167,0.01644098688932217,0.6436012178313472,0.01778566943573724,0.3218638575982389,0.00943867862594563,0.0,0.0
1.0,1.0,1.0,1.0,0.2870565638160375,0.7448947845144032,0.0,0.0,1.055435385848747,0.6048482057896083,2.6389011133883713,2.6947141485112827,7.051697746640499,6.8000568696135115,2.50980774583316,4.048362958846869,-0.0067287277879698815,-0.03015578323500643,0.16993591527771995,0.6818420655952988,1.00672872778797,1.0301557832350063,0.7129434361839625,0.25415962813193965,0.7129434361839625,0.2546324218087683,0.35647171809198125,0.12755260774279842,0.0,0.0
1.0,1.0,1.0,1.0,0.5531190212593002,0.35627228480352235,0.0,0.0,1.118336239730486,0.8836091914561497,2.796613198414277,2.6130201799679096,7.282648774166321,6.850082095656472,2.1311196198896973,3.295751240340647,0.006875810898246018,-0.014963898627150838,0.03414136397215633,0.4316640853832879,0.9835590131106778,1.0149638986271508,0.4468809787406998,0.6434747204662167,0.4468809787406998,0.6436012178313472,0.2234404893703499,0.3218638575982389,0.0,0.0
1.0,1.0,1.0,1.0,0.8233353569343103,0.2870565638160375,0.0,0.0,1.1182390926662333,1.055435385848747,2.935270710683462,2.6389011133883713,7.110640853425128,7.051697746640499,2.986291495210118,2.50980774583316,0.12660702038914123,-0.0067287277879698815,0.20121122399390756,0.16993591527771995,0.7458403718680603,1.00672872778797,0.17666464306568982,0.7129434361839625,0.17666464306568982,0.7129434361839625,0.08833232153284491,0.35647171809198125,0.0,0.0
1.0,1.0,1.0,1.0,0.9727344469260897,0.5531190212593002,0.0,0.0,1.0921688418601256,1.118336239730486,2.999735954055015,2.796613198414277,6.629354958471354,7.282648774166321,4.693957423332213,2.1311196198896973,0.33117603885905395,0.006875810898246018,0.57293355818214,0.03414136397215633,0.3565252795337834,0.9835590131106778,0.03683072906498647,0.4468809787406998,0.03683072906498647,0.4468809787406998,0.027980540523569384,0.2234404893703499,0.0,0.0
1.0,1.0,1.0,1.0,0.9253957963952337,0.8233353569343103,0.0,0.0,1.0614331305929403,1.1182390926662333,2.9101623283729077,2.935270710683462,6.779083717398365,7.110640853425128,5.1538075105449686,2.986291495210118,0.4840243258347797,0.12660702038914123,0.6522799161754091,0.20121122399390756,0.2870565638160375,0.7458403718680603,0.20215681134756477,0.17666464306568982,0.20215681134756477,0.17666464306568982,0.22863101341658082,0.08833232153284491,0.0,0.0
1.0,1.0,1.0,1.0,0.7486773046858378,0.9727344469260897,0.0,0.0,1.0169272250555974,1.0921688418601256,2.7385478449279814,2.999735954055015,7.562486239306919,6.629354958471354,4.274740391786894,4.693957423332213,0.5453043469685888,0.33117603885905395,0.42432996336217665,0.57293355818214,0.5531190212593002,0.3565252795337834,0.5731865529124011,0.03683072906498647,0.5731865529124011,0.03683072906498647,0.6084571340544394,0.027980540523569384,0.0,0.0
1.0,1.0,1.0,1.0,0.7041918019165723,0.9253957963952337,0.0,0.0,0.7638098337027199,1.0614331305929403,2.931856827615049,2.9101623283729077,8.131149069486852,6.779083717398365,3.9712129376850935,5.1538075105449686,0.4448040396248262,0.4840243258347797,0.40739721575059296,0.6522799161754091,0.8233353569343103,0.2870565638160375,0.6522799161754091,0.20215681134756477,0.6522799161754091,0.20215681134756477,0.6826116761796859,0.22863101341658082,0.0,0.0
1.0,1.0,1.0,1.0,0.8182408779903256,0.7486773046858378,0.0,0.0,0.346095062046491,1.0169272250555974,3.4614764466699026,2.7385478449279814,8.24711994941664,7.562486239306919,4.604643188556716,4.274740391786894,0.24185585390284312,0.5453043469685888,0.6680309159968825,0.42432996336217665,0.9727344469260897,0.5531190212593002,0.42432996336217665,0.5731865529124011,0.40519961138002436,0.5731865529124011,0.4451706470425144,0.6084571340544394,0.009565175991076152,0.0
1.0,1.0,1.0,1.0,0.9360403212678489,0.7041918019165723,0.0,0.0,0.03578850590125417,0.7638098337027199,3.89237544521389,2.931856827615049,7.747870605970983,8.131149069486852,5.475990577937818,3.9712129376850935,0.1894107272066273,0.4448040396248262,0.9093171070972146,0.40739721575059296,0.9253957963952337,0.8233353569343103,0.40739721575059296,0.6522799161754091,0.15229200026499606,0.6522799161754091,0.4195835371509399,0.6826116761796859,0.12755260774279842,0.0
1.0,1.0,1.0,1.0,0.9941121637320885,0.8182408779903256,0.0,0.0,-0.10826786600778418,0.346095062046491,4.088148766893182,3.4614764466699026,6.870930819597291,8.24711994941664,6.164094343134117,4.604643188556716,0.29544346499761764,0.24185585390284312,1.0367615132726842,0.6680309159968825,0.7486773046858378,0.9727344469260897,0.6680309159968825,0.42432996336217665,0.005172848818252411,0.40519961138002436,0.655164328147021,0.4451706470425144,0.33142903358931497,0.009565175991076152
1.0,1.0,1.0,1.0,0.9047047347605303,0.9360403212678489,0.0,0.0,-0.14424050105842062,0.03578850590125417,3.918973851535825,3.89237544521389,6.305695985216916,7.747870605970983,5.779380124874864,5.475990577937818,0.2996657560186885,0.1894107272066273,1.0831041873730385,0.9093171070972146,0.7041918019165723,0.9253957963952337,0.9093171070972146,0.40739721575059296,-0.05873154457234478,0.15229200026499606,0.6571034618287741,0.4195835371509399,0.4840243258347797,0.12755260774279842
1.0,1.0,1.0,1.0,0.7062779179152924,0.9941121637320885,0.0,0.0,-0.1273129256370334,-0.10826786600778418,3.529765650120085,4.088148766893182,6.121296841964839,6.870930819597291,4.4739173688815335,6.164094343134117,0.1673292245479739,0.29544346499761764,1.0663747089290752,1.0367615132726842,0.7991105260081732,0.7486773046858378,1.0367615132726842,0.6680309159968825,-0.07297753264664572,0.005172848818252411,0.3751216312753386,0.655164328147021,0.5453043469685888,0.33142903358931497
1.0,1.0,1.0,1.0,0.5472530215231542,0.9047047347605303,0.0,0.0,-0.0917648905972171,-0.14424050105842062,3.537178615837158,3.918973851535825,5.5790853808182135,6.305695985216916,2.9275010474034584,5.779380124874864,0.045814240128221315,0.2996657560186885,0.8122870323109264,1.0831041873730385,0.6809351057822519,0.7041918019165723,1.0831041873730385,0.9093171070972146,-0.061609107362210674,-0.05873154457234478,0.11552832938030777,0.6571034618287741,0.4448040396248262,0.4840243258347797
1.0,1.0,1.0,1.0,0.46622415545093393,0.7062779179152924,0.0,0.0,-0.056898260718087304,-0.1273129256370334,3.971978672603247,3.529765650120085,4.667661413751286,6.121296841964839,1.5586963315517521,4.4739173688815335,0.0008760927109408041,0.1673292245479739,0.3815126652748756,1.0663747089290752,0.3408192725445347,0.7991105260081732,1.0855050609112276,1.0367615132726842,-0.03236918609986031,-0.07297753264664572,-0.024107487642971777,0.3751216312753386,0.23229067791176697,0.5453043469685888
1.0,1.0,1.0,1.0,0.4398296740327223,0.5472530215231542,0.0,0.0,-0.03110137058866365,-0.0917648905972171,4.4781999825008985,3.537178615837158,4.223663205629996,5.5790853808182135,0.9749206148758919,2.9275010474034584,0.21355312179907765,0.045814240128221315,0.05726957848479161,0.8122870323109264,0.06420869083376934,0.6809351057822519,1.0673922477965232,1.0831041873730385,0.10317996494210468,-0.061609107362210674,-0.07732104693872588,0.11552832938030777,0.06185811946382885,0.4448040396248262
1.0,1.0,1.0,1.0,0.4521092286222851,0.46622415545093393,0.0,0.0,-0.015216893357411885,-0.056898260718087304,4.890078836955848,3.971978672603247,4.356299468385343,4.667661413751286,1.090271951537574,1.5586963315517521,0.600975184740864,0.0008760927109408041,-0.09695852292448698,0.3815126652748756,-0.06246691842364621,0.3408192725445347,1.0252403804713532,1.0855050609112276,0.30933632933365707,-0.03236918609986031,-0.08306869054865837,-0.024107487642971777,-0.02642039260062123,0.23229067791176697
1.0,1.0,1.0,1.0,0.5845617326613463,0.4398296740327223,0.0,0.0,-0.0067287277879698815,-0.03110137058866365,5.118949675345563,4.4781999825008985,4.844049938928473,4.223663205629996,1.4049501496467456,0.9749206148758919,0.6792473122857008,0.21355312179907765,-0.13893015430093658,0.05726957848479161,0.014116660365483175,0.06420869083376934,0.7702130146687541,1.0673922477965232,0.3506885776576686,0.10317996494210468,-0.0664466604428661,-0.07732104693872588,-0.05680596207329278,0.06185811946382885
1.0,1.0,1.0,1.0,0.7946329124204797,0.4521092286222851,0.0,0.0,-0.0026893650928301346,-0.015216893357411885,5.193037947018938,4.890078836955848,5.451301703516007,4.356299468385343,1.6779892971165546,1.090271951537574,0.42469561251394705,0.600975184740864,-0.12500305263959482,-0.09695852292448698,0.22508328899774982,-0.06246691842364621,0.34992245581621284,1.0252403804713532,0.2210041190077808,0.30933632933365707,-0.0441177377232445,-0.08306869054865837,-0.05611126482237602,-0.02642039260062123
1.0,1.0,1.0,1.0,0.841393826474478,0.5845617326613463,0.0,0.0,-0.0009455873536572226,-0.0067287277879698815,5.180320993705273,5.118949675345563,5.884970155953329,4.844049938928473,1.861894206329434,1.4049501496467456,0.16400552798851434,0.6792473122857008,-0.09081930324355987,-0.13893015430093658,0.4044457566379095,0.014116660365483175,0.03773448876475327,0.7702130146687541,0.08738673417918769,0.3506885776576686,-0.02531823015435099,-0.0664466604428661,-0.04251808140462361,-0.05680596207329278
1.0,1.0,1.0,1.0,0.7255237160478507,0.7946329124204797,0.0,0.0,-0.00025299473026104525,-0.0026893650928301346,5.105534173342965,5.193037947018938,6.106601212245267,5.451301703516007,1.963832124098661,1.6779892971165546,0.011310115585412762,0.42469561251394705,-0.05664526598782625,-0.12500305263959482,0.5042350263738684,0.22508328899774982,-0.10730267555676068,0.34992245581621284,0.008597193811156034,0.2210041190077808,-0.012780522994842796,-0.0441177377232445,-0.027104447812628583,-0.05611126482237602
1.0,1.0,1.0,1.0,0.7125205653816584,0.841393826474478,0.0,0.0,0.0,-0.0009455873536572226,4.703147950165239,5.180320993705273,6.287750555790276,5.884970155953329,2.006957189515653,1.861894206329434,-0.05583997435518845,0.16400552798851434,-0.03110137058866365,-0.09081930324355987,0.5441468469961173,0.4044457566379095,-0.143767707381592,0.03773448876475327,-0.026474202069016062,0.08738673417918769,-0.00578314043431266,-0.02531823015435099,-0.015077891617503215,-0.04251808140462361
1.0,1.0,1.0,1.0,0.8389345395843171,0.7255237160478507,0.0,0.0,0.0,-0.00025299473026104525,4.035167652552234,5.105534173342965,6.488128352993007,6.106601212245267,2.017304690908619,1.963832124098661,-0.07175934746536117,0.011310115585412762,-0.015216893357411885,-0.05664526598782625,0.5592861793160309,0.5042350263738684,-0.12718642827190288,-0.10730267555676068,-0.035270581142038314,0.008597193811156034,-0.0024363703625690895,-0.012780522994842796,-0.007481949313575419,-0.027104447812628583
1.0,1.0,1.0,1.0,0.957077330088935,0.7125205653816584,0.0,0.0,0.0,0.0,3.3175199966326936,4.703147950165239,6.718094168970362,6.287750555790276,2.0143343592749234,2.006957189515653,-0.061136313685382054,-0.05583997435518845,-0.0067287277879698815,-0.03110137058866365,0.6671791189302658,0.5441468469961173,-0.0917648905972171,-0.143767707381592,-0.030331760004276724,-0.026474202069016062,-0.0009455873536572226,-0.00578314043431266,-0.0033643638939849408,-0.015077891617503215
1.0,1.0,1.0,1.0,1.000342092470344,0.8389345395843171,0.0,0.0,0.0,0.0,2.6839228635300656,4.035167652552234,6.932686443275382,6.488128352993007,2.0089526816158383,2.017304690908619,-0.04180786472580593,-0.07175934746536117,-0.0026893650928301346,-0.015216893357411885,0.857315296220659,0.5592861793160309,-0.056898260718087304,-0.12718642827190288,-0.02084068368033771,-0.035270581142038314,-0.00025299473026104525,-0.0024363703625690895,-0.0013446825464150673,-0.007481949313575419
1.0,1.0,1.0,1.0,0.7869196718777509,0.957077330088935,0.0,0.0,0.0,0.0,2.319664151152038,3.3175199966326936,6.836741887709298,6.718094168970362,2.0048375530806553,2.0143343592749234,-0.024372642800693768,-0.061136313685382054,-0.0009455873536572226,-0.0067287277879698815,0.9986294237754543,0.6671791189302658,-0.03110137058866365,-0.0917648905972171,-0.012186321400346884,-0.030331760004276724,0.0,-0.0009455873536572226,-0.0004727936768286113,-0.0033643638939849408
1.0,1.0,1.0,1.0,0.3895861366331904,1.000342092470344,0.0,0.0,0.0,0.0,2.200825994219231,2.6839228635300656,6.492135290888859,6.932686443275382,2.002183375632308,2.0089526816158383,-0.012527528264581752,-0.04180786472580593,-0.00025299473026104525,-0.0026893650928301346,1.0622249749081099,0.857315296220659,-0.015216893357411885,-0.056898260718087304,-0.006263764132290876,-0.02084068368033771,0.0,-0.00025299473026104525,-0.00012649736513052262,-0.0013446825464150673
1.0,1.0,1.0,1.0,0.19320007997150074,0.7869196718777509,0.0,0.0,0.0,0.0,2.2181121630457534,2.319664151152038,6.412969971623897,6.836741887709298,2.0009455873536575,2.0048375530806553,-0.00578314043431266,-0.024372642800693768,0.0,-0.0009455873536572226,1.0757210112616096,0.9986294237754543,-0.0067287277879698815,-0.03110137058866365,-0.00289157021715633,-0.012186321400346884,0.0,0.0,0.0,-0.0004727936768286113
1.0,1.0,1.0,1.0,0.24387535389673798,0.3895861366331904,0.0,0.0,0.0,0.0,2.2777745072947595,2.200825994219231,6.657795398933593,6.492135290888859,2.0002529947302614,2.002183375632308,-0.0024363703625690895,-0.012527528264581752,0.0,-0.00025299473026104525,1.0650643940474969,1.0622249749081099,-0.0026893650928301346,-0.015216893357411885,-0.0012181851812845448,-0.006263764132290876,0.0,0.0,0.0,-0.00012649736513052262
1.0,1.0,1.0,1.0,0.35197014617670597,0.19320007997150074,0.0,0.0,0.0,0.0,2.2340304457769893,2.2181121630457534,7.013266682623707,6.412969971623897,2.0,2.0009455873536575,-0.0009455873536572226,-0.00578314043431266,0.0,0.0,1.0463552389754374,1.0757210112616096,-0.0009455873536572226,-0.0067287277879698815,-0.0004727936768286113,-0.00289157021715633,0.0,0.0,0.0,0.0
1.0,1.0,1.0,1.0,0.43382036145492237,0.24387535389673798,0.0,0.0,0.0,0.0,2.08884736565648,2.2777745072947595,7.330908876292339,6.657795398933593,2.0,2.0002529947302614,-0.00025299473026104525,-0.0024363703625690895,0.0,0.0,1.0285756277241742,1.0650643940474969,-0.00025299473026104525,-0.0026893650928301346,-0.00012649736513052262,-0.0012181851812845448,0.0,0.0,0.0,0.0
1.0,1.0,1.0,1.0,0.4834833269875639,0.35197014617670597,0.0,0.0,0.0,0.0,1.974781211894602,2.2340304457769893,7.300782563675532,7.013266682623707,2.0,2.0,0.0,-0.0009455873536572226,0.0,0.0,1.015550685294332,1.0463552389754374,0.0,-0.0009455873536572226,0.0,-0.0004727936768286113,0.0,0.0,0.0,0.0
1.0,1.0,1.0,1.0,0.5080396359642791,0.43382036145492237,0.0,0.0,0.0,0.0,1.916314360052602,2.08884736565648,6.952375395308081,7.330908876292339,2.0,2.0,0.0,-0.00025299473026104525,0.0,0.0,1.0076084466787059,1.0285756277241742,0.0,-0.00025299473026104525,0.0,-0.00012649736513052262,0.0,0.0,0.0,0.0
1.0,1.0,1.0,1.0,0.5152538683867736,0.4834833269875639,0.0,0.0,0.0,0.0,1.7919436360711214,1.974781211894602,6.4137034577918355,7.300782563675532,2.0,2.0,0.0,0.0,0.0,0.0,1.003364363893985,1.015550685294332,0.0,0.0,0.0,0.0,0.0,0.0,0.0,0.0
1.0,1.0,1.0,1.0,0.5229239103578385,0.5080396359642791,0.0,0.0,0.0,0.0,1.6017823977213814,1.916314360052602,5.862970673648572,6.952375395308081,2.0,2.0,0.0,0.0,0.0,0.0,1.0013446825464152,1.0076084466787059,0.0,0.0,0.0,0.0,0.0,0.0,0.0,0.0
1.0,1.0,1.0,1.0,0.6363745652491604,0.5152538683867736,0.0,0.0,0.0,0.0,1.4691476415129547,1.7919436360711214,5.840623758599717,6.4137034577918355,2.0,2.0,0.0,0.0,0.0,0.0,1.0004727936768287,1.003364363893985,0.0,0.0,0.0,0.0,0.0,0.0,0.0,0.0
1.0,1.0,1.0,1.0,0.8267829391841146,0.5229239103578385,0.0,0.0,0.0,0.0,1.4068631759599544,1.6017823977213814,6.279081435853055,5.862970673648572,2.0,2.0,0.0,0.0,0.0,0.0,1.0001264973651307,1.0013446825464152,0.0,0.0,0.0,0.0,0.0,0.0,0.0,0.0
1.0,1.0,1.0,1.0,0.8588904946323089,0.6363745652491604,0.0,0.0,0.0,0.0,1.284540059595245,1.4691476415129547,6.481823402414921,5.840623758599717,2.0,2.0,0.0,0.0,0.0,0.0,1.0,1.0004727936768287,0.0,0.0,0.0,0.0,0.0,0.0,0.0,0.0
1.0,1.0,1.0,1.0,0.7149670011954278,0.8267829391841146,0.0,0.0,0.0,0.0,1.0972428082308971,1.4068631759599544,6.317892459030313,6.279081435853055,1.9808696480178476,2.0,0.0,0.0,0.0,0.0,1.0,1.0001264973651307,0.0,0.0,0.0,0.0,0.0,0.0,0.0,0.0
1.0,1.0,1.0,1.0,0.4612525074668751,0.8588904946323089,0.0,0.0,0.0,0.0,0.9667288649726269,1.284540059595245,6.002912372752278,6.481823402414921,1.7448947845144032,2.0,0.0,0.0,0.0,0.0,1.0,1.0,0.0,0.0,0.0,0.0,0.0,0.0,0.0,0.0
1.0,1.0,1.0,1.0,0.17754765231723263,0.7149670011954278,0.0,0.0,0.009565175991076152,0.0,0.953597368099181,1.0972428082308971,5.6507780502225495,6.317892459030313,1.3849678127767509,1.9808696480178476,0.019130351982152304,0.0,0.009565175991076152,0.0,1.0,1.0,0.019130351982152304,0.0,0.009565175991076152,0.0,0.0,0.0,0.009565175991076152,0.0
1.0,1.0,1.0,1.0,-0.01049852790379575,0.4612525074668751,0.0,0.0,0.12755260774279842,0.0,1.421830304632409,0.9667288649726269,5.088894587397597,6.002912372752278,1.6697143870444329,1.7448947845144032,0.25510521548559684,0.0,0.12755260774279842,0.0,1.0,1.0,0.25510521548559684,0.0,0.12755260774279842,0.0,0.0,0.0,0.12755260774279842,0.0
1.0,1.0,1.0,1.0,-0.09014010410170319,0.17754765231723263,0.0,0.0,0.33142903358931497,0.009565175991076152,2.254261478812342,0.953597368099181,4.400536759253322,5.6507780502225495,2.537840946036169,1.3849678127767509,0.6437277151964778,0.019130351982152304,0.33142903358931497,0.009565175991076152,1.0,1.0,0.6628580671786299,0.019130351982152304,0.3218638575982389,0.009565175991076152,0.019130351982152304,0.0,0.3218638575982389,0.009565175991076152
1.0,1.0,1.0,1.0,-0.10268840737190134,-0.01049852790379575,0.0,0.0,0.4840243258347797,0.12755260774279842,2.8868504941465254,1.421830304632409,4.050335833014986,5.088894587397597,3.147855726695851,1.6697143870444329,0.7129434361839625,0.25510521548559684,0.4840243258347797,0.12755260774279842,1.0,1.0,0.9680486516695594,0.25510521548559684,0.35647171809198125,0.12755260774279842,0.25510521548559684,0.0,0.35647171809198125,0.12755260774279842
1.0,1.0,1.0,1.0,-0.08456039518141967,-0.09014010410170319,0.0,0.0,0.554869522959665,0.33142903358931497,3.1801191029421245,2.254261478812342,4.056520296713102,4.400536759253322,3.2963488062246933,2.537840946036169,0.4468809787406998,0.6437277151964778,0.5453043469685888,0.33142903358931497,1.0,1.0,1.10973904591933,0.6628580671786299,0.2425708413525022,0.3218638575982389,0.6437277151964778,0.019130351982152304,0.2234404893703499,0.3218638575982389
1.0,1.0,1.0,1.0,-0.05806876669895543,-0.10268840737190134,0.0,0.0,0.5723566473676247,0.4840243258347797,3.1458505027565398,2.8868504941465254,4.071565464430133,4.050335833014986,3.0308888049205294,3.147855726695851,0.17666464306568982,0.7129434361839625,0.4448040396248262,0.4840243258347797,1.0,1.0,1.1447132947352494,0.9680486516695594,0.3434375370184418,0.35647171809198125,0.7129434361839625,0.25510521548559684,0.08833232153284491,0.35647171809198125
1.0,1.0,1.0,1.0,-0.025147718500258376,-0.08456039518141967,0.0,0.0,0.5732848874921582,0.554869522959665,2.925280044362253,3.1801191029421245,4.030657088023937,4.056520296713102,2.543972706649028,3.2963488062246933,0.01770037708283416,0.4468809787406998,0.24185585390284312,0.5453043469685888,1.0,1.0,1.1274394230021638,1.10973904591933,0.6621430797289709,0.2425708413525022,0.4468809787406998,0.6437277151964778,0.00885018854141708,0.2234404893703499
1.0,1.0,1.0,1.0,0.1091103522313103,-0.05806876669895543,0.0,0.0,0.673435053041407,0.5723566473676247,2.8236936992084685,3.1458505027565398,4.440034384556397,4.071565464430133,2.157905556867195,3.0308888049205294,-0.052948404138032125,0.17666464306568982,0.1894107272066273,0.4448040396248262,1.0,1.0,1.091764890597217,1.1447132947352494,0.814021841857745,0.3434375370184418,0.17666464306568982,0.7129434361839625,-0.026474202069016062,0.08833232153284491
1.0,1.0,1.0,1.0,0.3130372257382483,-0.025147718500258376,0.0,0.0,0.8598781639483586,0.5732848874921582,2.88901134951941,2.925280044362253,5.248865788136478,4.030657088023937,1.9918307049816992,2.543972706649028,-0.05141081030192432,0.01770037708283416,0.30500864098869374,0.24185585390284312,1.0,1.0,1.037767908735935,1.1274394230021638,0.7334742551969002,0.6621430797289709,0.01770037708283416,0.4468809787406998,-0.035270581142038314,0.00885018854141708
1.0,1.0,1.0,1.0,0.3526345605211677,0.1091103522313103,0.0,0.0,0.9995750111291115,0.673435053041407,2.973397625967654,2.8236936992084685,5.9862137018822645,4.440034384556397,2.3906393896210254,2.157905556867195,0.19444169547704343,-0.052948404138032125,0.4272183637614869,0.1894107272066273,1.0,1.0,0.7759961551030667,1.091764890597217,0.5028046011533944,0.814021841857745,-0.052948404138032125,0.17666464306568982,-0.030331760004276724,-0.026474202069016062
1.0,1.0,1.0,1.0,0.22196930945880433,0.3130372257382483,0.0,0.0,1.0624779696383708,0.8598781639483586,3.0214571008082762,2.88901134951941,6.491213526973143,5.248865788136478,3.205180449296752,1.9918307049816992,0.6020463478358022,-0.05141081030192432,0.4987582581372889,0.30500864098869374,1.0,1.0,0.3523588261787819,1.037767908735935,0.22030018277284635,0.7334742551969002,-0.07054116228407663,0.01770037708283416,-0.02084068368033771,-0.035270581142038314
1.0,1.0,1.0,1.0,0.0878595278560163,0.3526345605211677,0.0,0.0,1.0757210112616096,0.9995750111291115,3.0399316576449555,2.973397625967654,6.732553269942219,5.9862137018822645,3.8446579595638375,2.3906393896210254,0.6885707933832688,0.19444169547704343,0.5298385659630009,0.4272183637614869,1.0,1.0,0.0386800761184105,0.7759961551030667,0.023197595994465914,0.5028046011533944,-0.06066352000855345,-0.052948404138032125,-0.012186321400346884,-0.030331760004276724
1.0,1.0,1.0,1.0,0.018288867167362707,0.22196930945880433,0.0,0.0,1.0650643940474969,1.0624779696383708,3.040649311327699,3.0214571008082762,6.784747140279279,6.491213526973143,4.123181098479376,3.205180449296752,0.43435345047611806,0.6020463478358022,0.5270500876973773,0.4987582581372889,1.0,1.0,-0.10704968082649963,0.3523588261787819,-0.06795473787495043,0.22030018277284635,-0.04168136736067542,-0.07054116228407663,-0.006263764132290876,-0.02084068368033771
1.0,1.0,1.0,1.0,0.10107840567378239,0.0878595278560163,0.0,0.0,1.0463552389754374,1.0757210112616096,3.0322229347115917,3.0399316576449555,6.742281726131227,6.732553269942219,3.7471143924007992,3.8446579595638375,0.1708815026313772,0.6885707933832688,0.4032519459383069,0.5298385659630009,1.0,1.0,-0.143767707381592,0.0386800761184105,-0.09002929229472584,0.023197595994465914,-0.024372642800693768,-0.06066352000855345,-0.00289157021715633,-0.012186321400346884
1.0,1.0,1.0,1.0,0.2961584524472767,0.018288867167362707,0.0,0.0,1.0285756277241742,1.0650643940474969,3.02134667314086,3.040649311327699,6.690003328691727,6.784747140279279,2.9323639745510457,4.123181098479376,0.015264006720265073,0.43435345047611806,0.18953814745615324,0.5270500876973773,1.0,1.0,-0.12718642827190288,-0.10704968082649963,-0.07817013368399828,-0.06795473787495043,-0.012527528264581752,-0.04168136736067542,-0.0012181851812845448,-0.006263764132290876
1.0,1.0,1.0,1.0,0.453692565830503,0.10107840567378239,0.0,0.0,1.015550685294332,1.0463552389754374,3.012186321400347,3.0322229347115917,6.860298831744377,6.742281726131227,2.495336171876114,3.7471143924007992,-0.053893991491689344,0.1708815026313772,0.028161995565567192,0.4032519459383069,1.0,1.0,-0.0917648905972171,-0.143767707381592,-0.0551771964817991,-0.09002929229472584,-0.00578314043431266,-0.024372642800693768,-0.0004727936768286113,-0.00289157021715633
1.0,1.0,1.0,1.0,0.5435940152704033,0.2961584524472767,0.0,0.0,1.0076084466787059,1.0285756277241742,3.006263764132291,3.02134667314086,7.201392447089061,6.690003328691727,2.573490986300337,2.9323639745510457,-0.07079415701433768,0.015264006720265073,-0.04860575882737401,0.18953814745615324,1.0,1.0,-0.056898260718087304,-0.12718642827190288,-0.03349470931004998,-0.07817013368399828,-0.0024363703625690895,-0.012527528264581752,-0.00012649736513052262,-0.0012181851812845448
1.0,1.0,1.0,1.0,0.6877229337100762,0.453692565830503,0.0,0.0,1.003364363893985,1.015550685294332,3.002891570217156,3.012186321400347,7.241478783377406,6.860298831744377,2.9949844315083283,2.495336171876114,-0.06066352000855345,-0.053893991491689344,-0.06946507715046829,0.028161995565567192,1.0,1.0,-0.03110137058866365,-0.0917648905972171,-0.017969461834659542,-0.0551771964817991,-0.0009455873536572226,-0.00578314043431266,0.0,-0.0004727936768286113
1.0,1.0,1.0,1.0,0.8888849809581061,0.5435940152704033,0.0,0.0,1.0013446825464152,1.0076084466787059,2.9820878331991327,3.006263764132291,6.969306834231013,7.201392447089061,3.50963835511389,2.573490986300337,-0.04168136736067542,-0.07079415701433768,-0.06250152631979741,-0.04860575882737401,1.0,1.0,-0.015216893357411885,-0.056898260718087304,-0.008700134494859964,-0.03349470931004998,-0.00025299473026104525,-0.0024363703625690895,0.0,-0.00012649736513052262
1.0,1.0,1.0,1.0,1.0270152009162319,0.6877229337100762,0.0,0.0,1.0004727936768287,1.003364363893985,2.7453675781912317,3.002891570217156,6.809472789409788,7.241478783377406,3.432479189815121,2.9949844315083283,-0.024372642800693768,-0.06066352000855345,-0.045409651621779935,-0.06946507715046829,1.0,1.0,-0.0067287277879698815,-0.03110137058866365,-0.003837157570813552,-0.017969461834659542,0.0,-0.0009455873536572226,0.0,0.0
1.0,1.0,1.0,1.0,1.082100468137424,0.8888849809581061,0.0,0.0,1.0001264973651307,1.0013446825464152,2.3372684301865005,2.9820878331991327,6.860545258670163,6.969306834231013,2.803044543313719,3.50963835511389,-0.012527528264581752,-0.04168136736067542,-0.028322632993913126,-0.06250152631979741,1.0,1.0,-0.0026893650928301346,-0.015216893357411885,-0.0014711799115455899,-0.008700134494859964,0.0,-0.00025299473026104525,0.0,0.0
1.0,1.0,1.0,1.0,1.0874345389851277,1.0270152009162319,0.0,0.0,1.0,1.0004727936768287,2.0319513483304408,2.7453675781912317,7.059101323116375,6.809472789409788,2.2400693155233347,3.432479189815121,-0.00578314043431266,-0.024372642800693768,-0.015550685294331824,-0.045409651621779935,1.0,1.0,-0.0009455873536572226,-0.0067287277879698815,-0.0004727936768286113,-0.003837157570813552,0.0,0.0,0.0,0.0
1.0,1.0,1.0,1.0,1.0616364848235813,1.082100468137424,0.0,0.0,1.0,1.0001264973651307,1.8998261300717465,2.3372684301865005,7.287188363656806,6.860545258670163,1.9349317946272904,2.803044543313719,-0.0024363703625690895,-0.012527528264581752,-0.007608446678705943,-0.028322632993913126,1.0,1.0,-0.00025299473026104525,-0.0026893650928301346,-0.00012649736513052262,-0.0014711799115455899,0.0,0.0,0.0,0.0
1.0,1.0,1.0,1.0,0.9216942014497951,1.0874345389851277,0.0,0.0,1.0,1.0,1.9828393130075492,2.0319513483304408,7.113059629965456,7.059101323116375,1.8199822161394428,2.2400693155233347,-0.0009455873536572226,-0.00578314043431266,-0.0033643638939849408,-0.015550685294331824,1.0,1.0,0.0,-0.0009455873536572226,0.0,-0.0004727936768286113,0.0,0.0,0.0,0.0
1.0,1.0,1.0,1.0,0.7079299553072199,1.0616364848235813,0.0,0.0,1.0,1.0,2.2039896105871515,1.8998261300717465,6.582620766332127,7.287188363656806,1.8118575778855113,1.9349317946272904,-0.00025299473026104525,-0.0024363703625690895,-0.0013446825464150673,-0.007608446678705943,1.0,1.0,0.0,-0.00025299473026104525,0.0,-0.00012649736513052262,0.0,0.0,0.0,0.0
1.0,1.0,1.0,1.0,0.6595517608791792,0.9216942014497951,0.0,0.0,1.0,1.0,2.3922594352375626,1.9828393130075492,6.141793472361201,7.113059629965456,1.852409142474885,1.8199822161394428,0.0,-0.0009455873536572226,-0.0004727936768286113,-0.0033643638939849408,1.0,1.0,0.0,0.0,0.0,0.0,0.0,0.0,0.0,0.0
1.0,1.0,1.0,1.0,0.7842944546734866,0.7079299553072199,0.0,0.0,1.0,1.0,2.4979712622415775,2.2039896105871515,5.915032744716549,6.582620766332127,1.9036037475535452,1.8118575778855113,0.0,-0.00025299473026104525,-0.00012649736513052262,-0.0013446825464150673,1.0,1.0,0.0,0.0,0.0,0.0,0.0,0.0,0.0,0.0
1.0,1.0,1.0,1.0,0.91503204236114,0.6595517608791792,0.0,0.0,1.0,1.0,2.541255276778961,2.3922594352375626,5.838580048055754,6.141793472361201,1.9454715739643,1.852409142474885,0.0,0.0,0.0,-0.0004727936768286113,1.0,1.0,0.0,0.0,0.0,0.0,0.0,0.0,0.0,0.0
1.0,1.0,1.0,1.0,0.992494494004998,0.7842944546734866,0.0,0.0,1.0,1.0,2.54850281814367,2.4979712622415775,5.861592424154087,5.915032744716549,1.9725085731082674,1.9036037475535452,0.0,0.0,0.0,-0.00012649736513052262,1.0,1.0,0.0,0.0,0.0,0.0,0.0,0.0,0.0,0.0
1.0,1.0,1.0,1.0,1.0269469957458446,0.91503204236114,0.0,0.0,1.0,1.0,2.5391537175106387,2.541255276778961,6.135427341424431,5.838580048055754,1.9874881317777175,1.9454715739643,0.0,0.0,0.0,0.0,1.0,1.0,0.0,0.0,0.0,0.0,0.0,0.0,0.0,0.0
1.0,1.0,1.0,1.0,1.0162667265250165,0.992494494004998,0.0,0.0,1.0,1.0,2.525759765266214,2.54850281814367,6.567080458614207,5.861592424154087,1.9948742645446007,1.9725085731082674,0.0,0.0,0.0,0.0,1.0,1.0,0.0,0.0,0.0,0.0,0.0,0.0,0.0,0.0
1.0,1.0,1.0,1.0,0.7752265445186799,1.0269469957458446,0.0,0.0,1.0,1.0,2.5146050979406747,2.5391537175106387,6.670128537871781,6.135427341424431,1.9981088252926855,1.9874881317777175,0.0,0.0,0.0,0.0,1.0,1.0,0.0,0.0,0.0,0.0,0.0,0.0,0.0,0.0
